Tornto,Lane N Innes W Caledonia,1417
Tornto,Bankwell Avenue,3365
Tornto,Lane N Bloor E Armadale,1075
Tornto,Lane S Eringate W Odessa,3109
Tornto,Fulbert Crescent,6568
Tornto,Bushmills Square,4640
Tornto,Fairgate Close,3950
Tornto,South Shields Avenue,8263
Tornto,Spindlewood Drive,5986
Tornto,Jaguar Street,5429
Tornto,Atwood Place,8251
Tornto,Mervyn Avenue,6813
Tornto,Tamworth Road,2393
Tornto,Russell Hill Drive,3940
Tornto,Lane W Vaughan N Maplewood,883
Tornto,Blacktoft Drive,1902
Tornto,Bonnycastle Street,1425
Tornto,Jellicoe Avenue,8191
Tornto,Triangle Villas Drive,5543
Tornto,Clay Court,5689
Tornto,Rotherham Avenue,3747
Tornto,Maryport Avenue,4810
Tornto,Central Street,1746
Tornto,Lane N Queen E Sorauren,2398
Tornto,Stamford Square North,8990
Tornto,Kidbrooke Crescent,5791
Tornto,Bedford Road,4641
Tornto,Scarborough Road,629
Tornto,Salvation Square,5396
Tornto,Silversted Drive,4612
Tornto,Stevenson Road,2272
Tornto,Hardwick Court,791
Tornto,Donside Drive,2932
Tornto,Spruce Court,2734
Tornto,Lane E Robert N College,7299
Tornto,Cobbler Crescent,6385
Tornto,Coach Liteway,4168
Tornto,Rolling Meadows,4406
Tornto,Donshire Court,2709
Tornto,Tanburn Place,5064
Tornto,Iris Road,2529
Tornto,Chilton Road,8300
Tornto,Woodcroft Crescent,4147
Tornto,Kells Avenue,7294
Tornto,Jayfield Road,749
Tornto,Don Ridge Drive,890
Tornto,Fima Crescent,9594
Tornto,Tavistock Road,8422
Tornto,Lane N Dundas E Dovercourt,4710
Tornto,Saturn Road,5450
Tornto,Garfield Avenue,7189
Tornto,Cottingham Road,913
Tornto,Laurier Avenue,4611
Tornto,St David Walk,6270
Tornto,David Dunlap Circle,8298
Tornto,Maybourne Avenue,4183
Tornto,Bucannan Road,1944
Tornto,The Bridle Path,3046
Tornto,Lane N Keelegate E Keele,5063
Tornto,Ancroft Place,3808
Tornto,Lane 2 W Greenwood N Chatham,9342
Tornto,Wakefield Crescent,865
Tornto,Guthrie Avenue,7771
Tornto,Old Sheppard Avenue,7851
Tornto,Warland Avenue,1179
Tornto,Daventry Road,6943
Ottawa,Hastings Avenue,3935
Ottawa,Mcclellan Road,2899
Ottawa,Louis Riel Drive,6395
Ottawa,Kimberwick Crescent,8488
Ottawa,Baie Verte Crescent,765
Ottawa,Salter Crescent,7754
Ottawa,Wayling Avenue,6682
Ottawa,Bradgate Drive,7743
Ottawa,Greenland Road,4479
Ottawa,Fairpark Drive,6449
Ottawa,Andrew Simpson Drive,9758
Ottawa,Nadia Lane,2605
Ottawa,Echowoods Avenue,5137
Ottawa,Kitchener Avenue,8692
Ottawa,Oberon Street,7630
Ottawa,Weatherly Drive,4949
Ottawa,Rhodes Crescent,3809
Ottawa,Shadow Ridge Drive,8133
Ottawa,Appaloosa Drive,2348
Ottawa,Hadley Circle,9060
Ottawa,Cosmo Private,5261
Ottawa,Beaufort Drive,1260
Ottawa,Highridge Avenue,6741
Ottawa,St Ambroise Street,5773
Ottawa,Challenger Boulevard,2274
Ottawa,Or 174 Ic 112 Ramp 26,8020
Ottawa,Dunhaven Drive,7307
Ottawa,Cherrywood Drive,7705
Ottawa,Library Road,9245
Ottawa,Royal York Street,8958
Ottawa,Monteith Street,3362
Ottawa,O'toole Road,1275
Ottawa,Ranchwood Way,990
Ottawa,Bridlegate Place,6996
Ottawa,Orangeville Street,9153
Ottawa,Appaloosa Drive,4094
Ottawa,Jiulia Lake Private,2742
Ottawa,Beavertail Road,724
Ottawa,Newport Crescent,9347
Ottawa,Heathwood Gate,9100
Ottawa,Wildwood Avenue,2479
Ottawa,Lakewood Drive,244
Ottawa,Kennedy Road,5247
Ottawa,Goodin Street,644
Ottawa,Garwood Avenue,9532
Ottawa,Blackthorne Avenue,9177
Ottawa,Grandpark Circle,8187
Ottawa,Rochelle Drive,3881
Ottawa,Colonnade Road,4926
Ottawa,Echo Drive,9955
Ottawa,Simcoe Street,4048
Ottawa,Bekkers Court,6403
Ottawa,Aston Road,582
Ottawa,Renaissance Drive,6458
Ottawa,Cheshire Road,7698
Ottawa,Mount Pleasant Avenue,6321
Ottawa,Russell Road,1539
Ottawa,Jay Street,5940
Ottawa,Rowan Road,8061
Ottawa,Rueter Street,9721
Ottawa,Somerset Street East,3213
Ottawa,Robert Dowd Street,1720
Ottawa,Dobbin Lane,2159
Ottawa,Mardil Court,4175
Ottawa,Soldiers Line,2283
Ottawa,Garden Place,1082
Ottawa,Southland Crescent,8559
Vancouver,Olympic Street,8823
Vancouver,Coral Reef Place,2013
Vancouver,Crown Crescent,5957
Vancouver,Sennok Crescent,1978
Vancouver,East Broadway,2252
Vancouver,East Hastings Onramp Street,107
Vancouver,Sawcut,8695
Vancouver,Wethersfield Drive,1595
Vancouver,East 64th Avenue,5728
Vancouver,West 5th Avenue,9415
Vancouver,Kings Lynn Street,323
Vancouver,West 49th Avenue,3911
Vancouver,Mcgeer Street,1738
Vancouver,Centennial Road,6595
Vancouver,Munroe Crescent,8426
Vancouver,Pacific Street,6151
Vancouver,Park Drive,808
Vancouver,Couillard Mews,6807
Vancouver,Hosmer Avenue,1653
Vancouver,West 54th Avenue,399
Vancouver,Newcastle Court,3204
Vancouver,East 61st Avenue,1482
Vancouver,Musqueam Avenue,2761
Vancouver,Heather Street,6342
Vancouver,Lime Street,2241
Vancouver,Bursill Street,8697
Vancouver,Yuculta Crescent,5874
Vancouver,Battison Street,4383
Vancouver,Tuaq Drive,5528
Vancouver,Highway 1a,9225
Vancouver,Nelson Street,7906
Vancouver,Jellicoe Street,9408
Vancouver,Elliott Street,8885
Vancouver,Miller Street,7701
Vancouver,Blake Street,8453
Vancouver,Arlington Street,2134
Vancouver,Collingwood Place,1128
Vancouver,Humm Street,1306
Vancouver,East 17th Avenue,1548
Vancouver,Balfour Avenue,8731
Vancouver,Austrey Avenue,2181
Vancouver,Thrush Place,6288
Vancouver,West 36th Avenue,2196
Vancouver,Senlac Street,4292
Vancouver,Monmouth Avenue,2266
Vancouver,Main Street,1650
Vancouver,East 11th Avenue,5739
Vancouver,Hosmer Avenue,8870
Vancouver,Laurel Street,5643
Vancouver,Eddington Drive,377
Vancouver,Graveley Street,8234
Vancouver,Mackenzie Place,1937
Vancouver,Glendalough Place,7986
Vancouver,Haro Street,8223
Vancouver,East 30th Avenue,5931
Vancouver,Ortona Lane,4930
Vancouver,Moscrop Street,7767
Vancouver,Millstone Street,1527
Vancouver,Alamein Avenue,9211
Vancouver,Lancaster Place,9146
Vancouver,West King Edward Avenue,8105
Vancouver,Earl Finning Place,3612
Vancouver,Westbury Lane,1569
Vancouver,Portside Court,4481
Vancouver,Davie Street,1661
Vancouver,Prestwick Drive,3654
Vancouver,East Georgia Street,5421
Vancouver,Queens Avenue,9075
Vancouver,Perry Street,2766
Vancouver,Hoy Street,729
Vancouver,Ash Street,8103
Vancouver,Winlaw Place,9437
Calgary,144 Avenue North-east,1572
Calgary,Oakvale Place South-west,4337
Calgary,Spring Valley Place South-west,2523
Calgary,Mckenzie Towne Drive South-east,5092
Calgary,100 Lake Ontario Place South-east,7303
Calgary,Bermuda Close North-west,8910
Calgary,Somervale Link South-west,7234
Calgary,Erin Mount Place South-east,6910
Calgary,Westpoint Gardens South-west,8275
Calgary,Hidden Valley Gate North-west,5350
Calgary,Martin Crossing Way North-east,8569
Calgary,Prestwick Row South-east,9116
Calgary,Quarry Landing South-east,6307
Calgary,Alcott Road South-east,3621
Calgary,Wood Crest Close South-west,9671
Calgary,7 Street North-east,745
Calgary,22a Street North-west,5232
Calgary,Oakridge Way South-west,7068
Calgary,80 Street North-west,4404
Calgary,Parkridge Rise South-east,4193
Calgary,Bowfort Road North-west,5814
Calgary,Deer Lane Bay South-east,3541
Calgary,Deer Run Place South-east,4716
Calgary,Maple Place South-west,8886
Calgary,Castlebury Road North-east,9559
Calgary,Rockyspring Way North-west,260
Calgary,Radcliffe Road South-east,2599
Calgary,Edcath Road North-west,2343
Calgary,Patton Court South-west,8209
Calgary,Harvest Oak Place North-east,2007
Calgary,Mardale Crescent North-east,8143
Calgary,Thornwood Close North-west,2843
Calgary,100 Hawkland Place North-west,9285
Calgary,100 Edgehill Place North-west,7587
Calgary,Castlepark Way North-east,2328
Calgary,Enterprise Way South-east,1897
Calgary,Harvest Wood Link North-east,4237
Calgary,300 Hunterbrook Place North-west,7300
Calgary,2 Street North-west,4047
Calgary,Willowdale Crescent South-east,2621
Calgary,Sienna Park View South-west,8876
Calgary,Scenic Ridge Way North-west,1757
Calgary,Carleton Street South-west,4963
Calgary,Healy Drive South-west,6379
Calgary,Madeira Way North-east,6365
Calgary,100 Ranchero Place North-west,8603
Calgary,200 Cramond Court South-east,943
Calgary,Everstone Way South-west,5251
Calgary,Taralake Road North-east,212
Calgary,Bridleridge Heights South-west,9279
Calgary,200 Sunmount Place South-east,9769
Calgary,Mahogany Rise South-east,8648
Calgary,Deerbrook Road South-east,8975
Calgary,Cranwell Manor South-east,7935
Calgary,Coral Springs Mews North-east,436
Calgary,400 Abadan Place North-east,7272
Calgary,Discovery Ridge Road South-west,4278
Calgary,Applecrest Court South-east,6409
Calgary,Chapman Court South-east,6036
Calgary,500 Schooner Landing North-west,7483
Calgary,Signature Link South-west,9609
Calgary,Straddock Villas South-west,8841
Calgary,Taralea Green North-east,6401
Calgary,Saddlemont Road North-east,3459
Calgary,Rockcliff Point North-west,3486
Calgary,Children's Way North-west,6268
Calgary,Patina Lane South-west,5831
Calgary,200 Mount Douglas Court South-east,8662
Calgary,Edendale Place North-west,4195
Calgary,Prominence Heights South-west,9218
Calgary,Glamorgan Crescent South-west,1968
Calgary,Reader Crescent North-east,2031
Calgary,Castledale Place North-east,8715
Calgary,Hawkhill Way North-west,3009
Calgary,200 Cedarwood Park South-west,5863
Calgary,Silvercreek Green North-west,6725
Calgary,Veiner Street North-east,7853
Calgary,Capri Avenue North-west,1635
Montreal,Rue Thimens,7665
Montreal,Terrasse Quesnel,4180
Montreal,Rue Canning,8879
Montreal,Rue Sainte-croix,9095
Montreal,Avenue Egan,473
Montreal,Rue De L' Orée-du-bois Ouest,3601
Montreal,Boulevard Saint-joseph Est,9132
Montreal,Rue Jarry Ouest,6134
Montreal,Place Curatteau,7027
Montreal,Rue Baker,1257
Montreal,Avenue J.-alphonse-lachance,6218
Montreal,Rue Dubuisson,6831
Montreal,Avenue Olivier-maurault,1886
Montreal,Rue Laverdure,6550
Montreal,Rue Sainte-cunégonde,7238
Montreal,Rue Des Andes,4428
Montreal,Rue 47e,9755
Montreal,Rue Bibaud,6101
Montreal,Redpath Row,4741
Montreal,Avenue De La Batture,1682
Montreal,Place D' Aubigny,4581
Montreal,Avenue De Peterborough,3160
Montreal,Rue Du Colombier,6810
Montreal,Place Mount Royal,8877
Montreal,Rue René-Émard,6939
Montreal,Rue De Cannes-brulées,6649
Montreal,Avenue Beresford,5182
Montreal,Rue Du Notaire-girard,3700
Montreal,Rue Savard,6437
Montreal,Rue Saint-gabriel,6340
Montreal,Rue La Galissonniere,373
Montreal,Place Lacoursiere,2991
Montreal,Rue D' Amiens,5214
Montreal,Rue Sainte-madeleine,815
Montreal,Avenue Céres,9800
Montreal,Rue Boyer,8350
Montreal,Avenue De Candes,4553
Montreal,Avenue Élie-beauregard,4903
Montreal,Avenue 23e,5840
Montreal,Boulevard Pie-ix,6674
Montreal,Rue Louis-jolliet,5119
Montreal,Rue Étienne-bouchard,2050
Montreal,Rue Albert-couture,7915
Montreal,Avenue Brookfield,6736
Montreal,Avenue Jean-yves-bigras,3504
Montreal,Avenue Lamont,9288
Montreal,Rue Eastview,7329
Montreal,Avenue Théoret,5194
Montreal,Rue Des Archivistes,5374
Montreal,Rue Nadon,2365
Montreal,Rue Fonteneau,6525
Montreal,Rue Houde,9018
Montreal,Rue De La Flore,3289
Montreal,Rue Béique,5201
Montreal,Rue Sarto-fournier,8503
Montreal,Rue Du Parcours,1866
Montreal,Rue Mayo,2302
Montreal,Rue Harris,7261
Montreal,Rue Bourgoin,3256
Montreal,Place De L' Ornain,1802
Montreal,Rue Bressani,9703
Montreal,Rue Hartenstein,2420
Montreal,Rue Rousselot,2556
Montreal,Rue Du Centre-commercial,9235
Montreal,Rue Saint-barnabas,8111
Montreal,Rue Des Pyrénées,247
Montreal,Rue Bourdon,201
Montreal,Rue Versailles,2086
Montreal,Rue De Champigny,9116
Montreal,Rue Monteith,5645
Montreal,Ruelle Dufault,7103
Montreal,6e Avenue,7046
Montreal,Rue Jacques-noré,7095
Montreal,Avenue Louis-archambault,2616
Montreal,Rue Ernest-ouimet,445
Montreal,Avenue Cairns,5410
Montreal,Rue Michel,1971
Montreal,Rue Tardif,3221
Montreal,Rue Basin,4637
Montreal,Rue Beauvoir,793
Montreal,Rue Doric,2311
Montreal,Rue Laperriere,8471
Montreal,Rue Étienne-blanchard,912
Montreal,Rue Poitevin,9104
Montreal,Place Du Val-d'anjou,4852
Montreal,Avenue Glencairn,8637
Montreal,Place Saint-zotique,3142
Changchester,Jonathan Pass,6475
New Donald,Katelyn River,8924
Lake Charlesmouth,Castro Knoll,5938
Ramoshaven,Brown Plaza,16097
Johnmouth,James Port,32871
West Nancyfort,Kevin Highway,185
Port Carrie,Wallace Ranch,5934
East Lori,Chloe Shoals,7112
North Megan,Massey Pine,8339
Rileymouth,Keller Squares,1591
Matthewsmouth,John Street,1352
Ronaldton,Krista Walk,309
North Davidborough,Peter Land,09032
South Jasonton,Amy River,41314
Ryanton,Williams Courts,634
Rebeccafort,Heidi Ford,22584
New Sandraburgh,Thomas Lodge,845
Monroeview,Ann Bridge,1508
Dennisfort,Bishop Spring,9924
Goodmanland,Brooke Square,2337
