first_name,gender
Sufyan,M
Elysia,F
Aleksandra,F
Hussain,M
Ina,F
Burhanuddin,M
Randhir,M
Kace,M
Liban,M
Adonai,M
Zohaib,M
Edsel,M
Meryem,F
Eric,M
Rachel,F
Adeline,F
Chyna,F
Hajira,F
Maks,M
Anick,F
Zoie,F
Alexandro,M
Reno,M
Abigail,F
Dina,F
Allyson,F
Finnegan,M
Kamran,M
Laiba,F
Calen,M
Sharri,F
Gabriela,F
Karter,M
Aaden,M
Will,M
Graham,M
Thierry,M
Irina,F
Nolen,M
Rania,F
Mithra,F
Baby-boy,M
Aline,F
Becca,F
Stavros,M
Verner,M
Emile,M
Werner,M
Tal,M
Hiram,M
Issa,M
Carrol,F
Avrohom,M
Hamda,F
Jean-philippe,M
Charlize,F
Wray,M
Jaylene,F
Holly,F
Mahika,F
Olivier,M
Zacharia,M
Elwood,M
Mark-anthony,M
Aaradhya,F
Stefan,M
Sathana,F
Akhil,M
Meta,F
Anik,F
Owyn,M
Juliano,M
Esa,M
Yitzchak,M
Minna,F
Sonya,F
Kelsie,F
Kaidance,F
Kevon,M
Zaeem,M
Eesa,M
Female,F
Franklyn,M
Maximo,M
Kaylie,F
Colin,M
Gidget,F
Imre,M
Zackariah,M
Abigael,F
Fisher,M
Israel,M
Patsy,F
Collins,F
Surina,F
Brigette,F
Cindy-lee,F
Antonina,F
Shayaan,M
Mikaeel,M
Humaira,F
Lucille,F
Arshaan,M
Destin,M
Braxton,M
Denzel,M
Preet,F
Lorella,F
Tafari,M
Aleyna,F
Sara,F
Aariv,M
Cloey,F
Liliane,F
Emmitt,M
Jasveen,F
Leonel,M
Emilien,M
Orville,M
Meggan,F
Elysse,F
Aryaan,M
Kendrick,M
Alexandre,M
Kalene,F
Kallum,M
Charlotte,F
Ruthann,F
Celia,F
Carissa,F
Chana,F
Tiffanie,F
Tyrelle,M
Malachi,M
Aarna,F
Hester,F
Saanvi,F
Maclean,M
Henryk,M
Maksim,M
Frederik,M
Geoffery,M
Raja,M
Vittoria,F
Serge,M
Danyelle,F
Leeann,F
Willy,M
Goldie,F
Keerat,F
Tanika,F
Daylen,M
Emmersyn,F
Jakob,M
Earl,M
Braelynn,F
Josephe,M
Ashar,M
Marcelo,M
Denton,M
Stãphanie,F
Viaan,M
Betty,F
Gordon,M
Mikyla,F
Jayda,F
Nathalie,F
Zakariya,M
Abe,M
Elfriede,F
Anika,F
Gena,F
Antonia,F
Simra,F
Dawson,M
Abeer,F
Jocelyne,F
Roslyn,F
Mackayla,F
Pedram,M
Mateus,M
Arturo,M
Jean-sebastien,M
Dhyan,M
Lenord,M
Phillipe,M
Renãe,F
Azeem,M
Isabell,F
Leita,F
Najma,F
Bart,M
Craig,M
Margareth,F
Ryleigh,F
Broderick,M
Mervin,M
Tiberius,M
Abdurrahman,M
Petro,M
Donavan,M
Alexus,F
Annunziata,F
Jakub,M
Konnor,M
Jolyon,M
Miia,F
Ayana,F
Faran,M
Sierra,F
Pierina,F
Razan,F
Reinhard,M
Ksenia,F
Kaida,F
Tishana,F
Kyriakos,M
Johan,M
Norris,M
Yanick,M
Jarret,M
Alexa,F
Theodoros,M
Ariane,F
Mario,M
Abdulahi,M
Dwayne,M
Nilton,M
Micaela,F
Aliah,F
Audra,F
Slater,M
Tevin,M
Mariann,F
Shivansh,M
Colton,M
Marrianne,F
Willia,M
Niki,F
Timur,M
Andriana,F
Hasan,M
Monika,F
Christopher,M
Sanford,M
Callahan,M
Aime,M
Bryden,M
Osama,M
Tiziana,F
Carlos,M
Delma,F
Marijana,F
Edmund,M
Gael,M
Kaytlyn,F
Daryn,M
Anahita,F
Linkoln,M
Kristiana,F
Boy,M
Gina,F
Ruhi,F
Matheus,M
Fergus,M
Geertruida,F
Harmeet,M
Susie,F
Wladyslaw,M
Japnoor,F
Monia,F
Charleigh,F
Dua,F
Carmelo,M
Brandon-lee,M
Bohdan,M
Lu-ann,F
Braedon,M
Syed,M
Hanson,M
Francine,F
Adãle,F
Jiya,F
Rudolf,M
Annabel,F
Kasra,M
Izhaan,M
Adaline,F
Atley,M
Patience,F
Lazaros,M
Eduard,M
Mykayla,F
Aleks,M
Mercedez,F
Davin,M
Rogan,M
Toivo,M
Carl,M
Adil,M
Mordechai,M
Hargun,F
Nick,M
Leone,F
Arush,M
Joseph-jacques,M
Jamar,M
Mouhamed,M
Buddy,M
Alonso,M
Patricia-anne,F
Karys,F
Brady,M
Dorian,M
Neil,M
Kaley,F
Wendi,F
Manley,M
Glennis,F
Balraj,M
Azlaan,M
Vance,M
Kaito,M
Talen,M
Kathie,F
Arron,M
Aleshia,F
Ashten,M
Emilija,F
Nelson,M
Roger,M
Ilan,M
Brienne,F
Petrina,F
Jad,M
Orysia,F
Kristie,F
Ãlodie,F
Carsen,M
Jake,M
Carine,F
Gisele,F
Marie-josãe,F
Thomas,M
Journey,F
Piero,M
Ameena,F
Daxon,M
Neal,M
Eduardo,M
Maninder,M
Sidrah,F
Muhammad,M
Aditri,F
Glen,M
Evangelina,F
Kellen,M
Natnael,M
Joaquim,M
Denice,F
Katarzyna,F
Manha,F
Tamim,M
Leona,F
Kristene,F
Shilpa,F
Wm,M
Felisha,F
Pieter,M
Kalli,F
Petra,F
Erica,F
Theo,M
Sylvain,M
Nael,M
Domenica,F
Kruz,M
Khaled,M
Ankit,M
Fares,M
Sanad,M
Lorianne,F
Camila,F
Jacquelin,F
Anayat,F
Nathania,F
Ashlynn,F
Hendrick,M
Rahul,M
Maryjane,F
Avary,F
Inayah,F
Geroge,M
Karolina,F
Gurjas,M
Josie,F
Iain,M
Iman,F
Lori-lee,F
Chayce,M
Nasir,M
Nevada,M
Garrison,M
Kathryn,F
Jenson,M
Borna,M
Anvi,F
Ashlie,F
Oakland,M
Domenico,M
Kristy,F
Bjorn,M
Johnna,F
Beckham,M
Deion,M
Emilia,F
Piranavan,M
Jahaan,M
Melville,M
Pamela,F
Aida,F
Chastity,F
Carol-ann,F
Mallory,F
Jameson,M
Dora,F
Cecile,F
Shanique,F
Jaydon,M
Juli,F
Mirko,M
Colt,M
Larisa,F
Lucian,M
Sherri-ann,F
Advik,M
Giulia,F
Jameel,M
Nimrit,F
Hai,M
Ishani,F
Asim,M
Gino,M
Ioanna,F
Coulson,M
Marlyne,F
Zakai,M
Tesla,F
Wendolyn,F
Avir,M
Claus,M
Tiago,M
Cristina,F
Athina,F
Marsha,F
Alayna,F
Avrom,M
Isaac,M
Cale,M
Sharron,F
Emelia,F
Walid,M
Bowen,M
Gerardo,M
Marc-antoine,M
Blakeley,F
Jeannedarc,F
Augustus,M
Trevon,M
Guneet,F
Katerina,F
Marie-paule,F
Lareen,F
Muad,M
Ciana,F
Eason,M
Alejandro,M
Kwabena,M
Tamara,F
Kerem,M
Sherman,M
Josã,M
Ezio,M
Janel,F
Thivya,F
Kaliopi,F
Kieth,M
Arunan,M
Carmelina,F
Sofia,F
Hildred,F
Berkeley,F
Mateusz,M
Maryan,F
Rajiv,M
Maddex,M
Yusra,F
Eyal,M
Alayah,F
Shamar,M
Evin,M
Lewis,M
Andrey,M
Domingos,M
Bryon,M
Taisa,F
Serene,F
Kiyan,M
Moosa,M
Allana,F
Homer,M
Mahdi,M
Gretchen,F
Jaidan,M
Malena,F
Emmett,M
Armando,M
Darius,M
Belal,M
Raina,F
Tracy-ann,F
Shanice,F
Gemma,F
Husnain,M
Clemence,F
Mahnoor,F
Eila,F
Darnell,M
