team_name,date,opponent_name
Calgary Bruins,2020-01-07,Brockville Spirit
Calgary Bruins,2020-01-17,Trail Smoke Remparts
Calgary Fleur-de-Lys,2020-01-30,Canmore Rats
Cold Colts,2020-02-01,Canmore Rats
Calgary Bruins,2020-02-10,Trail Smoke Remparts
Calgary Bruins,2020-02-17,Charlottetown Schooners
Toronto Penguins,2020-07-02,Vancouver Islanders
Vancouver Islanders,2020-07-02,Toronto Penguins
Super Salsa,2020-07-08,Thunder Bay Panthers
Calgary Bruins,2020-07-08,Humboldt Vipers
Vancouver Fury,2020-07-12,Nickel Centre Terriers
Cold Colts,2020-07-14,Montreal Bruins
Super Lords,2020-07-14,Port Hope Islanders
Montreal Bruins,2020-07-14,Cold Colts
Stone Mariners,2020-07-14,Lanark Festivals
Montreal Lasers,2020-07-15,South Surrey Canadians
Calgary Cougars,2020-07-18,Melfort Bruins
Calgary Cougars,2020-07-22,Sudbury Jets
Ottawa Greys,2020-07-22,Broom Mets
Broom Mets,2020-07-22,Ottawa Greys
Game of Stones,2020-07-25,Halifax Flames
Calgary Cougars,2020-07-25,Nickel Centre Terriers
Super Salsa,2020-07-27,Williams Lake Vulcans
Broom Mets,2020-07-28,Battleford Greys
Stone Timberwolves,2020-07-28,Langley Hawks
Calgary Bruins,2020-07-29,Chilliwack Metros
Game of Stones,2020-07-31,Pierrefonds Canadians
Cold Colts,2020-07-31,Calgary Fleur-de-Lys
Calgary Fleur-de-Lys,2020-07-31,Cold Colts
Montreal Bruins,2020-08-01,Canmore Rats
Calgary Fleur-de-Lys,2020-08-01,Chateauguay Canucks
Montreal Bruins,2020-08-06,Sudbury Jets
Stone Mariners,2020-08-07,Cape Breton Lumberjacks
Broom Mets,2020-08-07,Williams Lake Warriors
Cold Colts,2020-08-07,Montreal Raiders
Cold Islanders,2020-08-07,Cape Breton Rustlers
Montreal Raiders,2020-08-07,Cold Colts
Stone Mariners,2020-08-08,North Sydney Spitfires
Vancouver Islanders,2020-08-09,Halifax A's
Ottawa Victorias,2020-08-15,Sudbury Jets
Ottawa Greys,2020-08-15,New Waterford Pack
Montreal Bruins,2020-08-16,Yorkton Indians
Cold Travelways,2020-08-18,Vancouver Fury
Vancouver Fury,2020-08-18,Cold Travelways
Calgary Fleur-de-Lys,2020-08-18,Whitby Lakers
Vancouver Islanders,2020-08-20,Kindersley Warriors
Montreal Raiders,2020-08-23,Calgary Fleur-de-Lys
Calgary Fleur-de-Lys,2020-08-23,Montreal Raiders
Ottawa Victorias,2020-08-24,Sidney Eagles
Calgary Bruins,2020-08-25,Trail Smoke Remparts
Vancouver Islanders,2020-08-27,Toronto Wild
Ottawa Greys,2020-08-27,Cape Breton Lumberjacks
Stone Mariners,2020-08-29,Broom Mets
Broom Mets,2020-08-29,Stone Mariners
Stone Mariners,2020-08-30,North Sydney Spitfires
Super Salsa,2020-09-03,Ajax Sports
Toronto Penguins,2020-09-04,Dartmouth Oland Thunderbirds
Cold Travelways,2020-09-05,Melfort Bruins
Stone Mariners,2020-09-05,Peterborough Bearcats
Game of Stones,2020-09-08,Pembroke Lumber Express
Super Salsa,2020-09-09,Wexford Beehives
Ice Sabres,2020-09-09,Humboldt Vipers
Montreal Lasers,2020-09-09,Ottawa Crunch
Calgary Bruins,2020-09-11,Richmond Hill Mets
Cold Travelways,2020-09-12,Yorkton Indians
Ice Sabres,2020-09-18,Brockville Spirit
Toronto Penguins,2020-09-19,Thunder Bay Thunder
Super Salsa,2020-09-21,Peterborough Bearcats
Calgary Fleur-de-Lys,2020-09-23,Canmore Rats
Montreal Bruins,2020-09-25,Windsor Royals
Toronto Penguins,2020-09-25,Kanata Valley Vipers
Vancouver Fury,2020-09-28,Calgary Cougars
Calgary Cougars,2020-09-28,Vancouver Fury
Cold Islanders,2020-09-29,Cold Chinooks
Cold Chinooks,2020-09-29,Cold Islanders
Ottawa Victorias,2020-10-01,Victoria Thunder
Game of Stones,2020-10-03,Peterborough Jr. Patriots
Game of Stones,2020-10-04,Vancouver Islanders
Calgary Bruins,2020-10-04,Ice Sabres
Vancouver Islanders,2020-10-04,Game of Stones
Ice Sabres,2020-10-04,Calgary Bruins
Toronto Penguins,2020-10-10,Dartmouth Oland Thunderbirds
Montreal Bruins,2020-10-10,Nickel Centre Terriers
Cold Chinooks,2020-10-12,Mississauga Cougars
Toronto Penguins,2020-10-13,Pierrefonds Canadians
Vancouver Islanders,2020-10-13,Thunder Bay Thunder
Calgary Cougars,2020-10-13,Melfort Bruins
Cold Travelways,2020-10-13,Nickel Centre Terriers
Cold Chinooks,2020-10-14,Toronto 73's
Ice Sabres,2020-10-14,Trail Smoke Remparts
Montreal Bruins,2020-10-14,Thunder Bay Dogs
Ottawa Greys,2020-10-19,Southeast Nationals
Game of Stones,2020-10-20,Kanata Valley Vipers
Toronto Penguins,2020-10-21,Pembroke Lumber Express
Calgary Cougars,2020-10-23,Melfort Bruins
Ice Sabres,2020-10-24,Fort Garry Eagles
Game of Stones,2020-10-27,Kindersley Warriors
Stone Mariners,2020-10-27,Ajax Sports
Stone Timberwolves,2020-10-28,Wexford Beehives
Toronto Eagles,2020-10-28,Vancouver Fury
Vancouver Fury,2020-10-28,Toronto Eagles
Montreal Lasers,2020-10-28,North York Capitals
Ice Cougars,2020-10-29,Toronto Wild
Montreal Raiders,2020-10-30,Vancouver Fury
Vancouver Fury,2020-10-30,Montreal Raiders
Stone Mariners,2020-11-02,Ice Dodgers
Ice Dodgers,2020-11-02,Stone Mariners
Montreal Bruins,2020-11-03,Sidney Eagles
Broom Mets,2020-11-06,Sidney Terriers
Vancouver Islanders,2020-11-09,Game of Stones
Game of Stones,2020-11-09,Vancouver Islanders
Ice Sabres,2020-11-11,Iron Range Penguins
Ice Dodgers,2020-11-14,North Sydney Spitfires
Broom Mets,2020-11-15,Williams Lake Vulcans
Toronto Eagles,2020-11-16,Cold Colts
Cold Colts,2020-11-16,Toronto Eagles
Broom Mets,2020-11-17,New Waterford Pack
Game of Stones,2020-11-18,Thunder Bay Thunderbirds
Super Salsa,2020-11-18,Halifax Oland Centennials
Ottawa Greys,2020-11-20,Stone Mariners
Stone Mariners,2020-11-20,Ottawa Greys
Ice Dodgers,2020-11-23,Langley Hawks
Calgary Bruins,2020-11-23,Ice Sabres
Ice Sabres,2020-11-23,Calgary Bruins
Montreal Bruins,2020-11-24,Canmore Rats
Calgary Fleur-de-Lys,2020-11-25,Windsor Royals
Toronto Eagles,2020-11-26,Chateauguay Canucks
Calgary Fleur-de-Lys,2020-11-27,Thunder Bay Dogs
Calgary Cougars,2020-11-27,Windsor Royals
Calgary Bruins,2020-11-28,Humboldt Vipers
Toronto Penguins,2020-12-02,Game of Stones
Game of Stones,2020-12-02,Toronto Penguins
Calgary Fleur-de-Lys,2020-12-02,Vancouver Fury
Vancouver Fury,2020-12-02,Calgary Fleur-de-Lys
Montreal Bruins,2020-12-04,Yorkton Indians
Calgary Cougars,2020-12-05,Calgary Fleur-de-Lys
Calgary Fleur-de-Lys,2020-12-05,Calgary Cougars
Vancouver Islanders,2020-12-06,Pierrefonds Canadians
Super Salsa,2020-12-08,Thunder Bay Panthers
Ice Dodgers,2020-12-12,Halifax Oland Centennials
Ottawa Greys,2020-12-13,Port-aux-Basques Buccaneers
Toronto Penguins,2020-12-13,Halifax Team Leafs
Super Salsa,2020-12-14,Battleford Greys
Toronto Penguins,2020-12-19,Kindersley Warriors
Toronto Eagles,2020-12-20,Sidney Eagles
Vancouver Fury,2020-12-21,Cold Travelways
Cold Travelways,2020-12-21,Vancouver Fury
Calgary Cubs,2020-12-24,Melfort Bruins
Cold Colts,2020-12-24,Bellingham Travelways
Ottawa Victorias,2020-12-25,Steinbach Oilers
Calgary Cougars,2020-12-25,Nickel Centre Terriers
Stone Timberwolves,2020-12-26,Williams Lake Vulcans
Game of Stones,2020-12-26,Halifax Flames
Montreal Lasers,2020-12-28,Cold Islanders
Cold Islanders,2020-12-28,Montreal Lasers
Ice Sabres,2020-12-30,Iron Range Penguins
Montreal Raiders,2020-12-30,Montreal Bruins
Montreal Bruins,2020-12-30,Montreal Raiders
Toronto Eagles,2020-12-31,Cold Colts
Cold Colts,2020-12-31,Toronto Eagles
Montreal Raiders,2021-01-01,Chateauguay Canucks
Stone Mariners,2021-01-08,New Waterford Pack
Ice Dodgers,2021-01-10,Southeast Nationals
Cold Travelways,2021-01-12,Nickel Centre Terriers
Stone Timberwolves,2021-01-13,Peterborough Bearcats
Ice Sabres,2021-01-14,Calgary Bruins
Calgary Bruins,2021-01-14,Ice Sabres
Ottawa Victorias,2021-01-15,Vancouver Jr. Terriers
Cold Travelways,2021-01-17,Canmore Rats
Vancouver Fury,2021-01-18,Cold Travelways
Vancouver Islanders,2021-01-18,Game of Stones
Cold Travelways,2021-01-18,Vancouver Fury
Game of Stones,2021-01-18,Vancouver Islanders
Ottawa Greys,2021-01-21,Espanola Screaming Crystals
Vancouver Fury,2021-01-22,Vancouver Jr. Terriers
Cold Colts,2021-01-23,Montreal Raiders
Montreal Raiders,2021-01-23,Cold Colts
Cold Travelways,2021-01-24,Canmore Rats
Cold Chinooks,2021-01-24,Hamilton Tigers
Vancouver Fury,2021-01-25,Steinbach Oilers
Montreal Raiders,2021-01-26,Sudbury Jets
Toronto Penguins,2021-01-27,Richmond Hill Tondas
Game of Stones,2021-01-27,Halifax A's
Stone Timberwolves,2021-01-29,Peterborough Bearcats
Montreal Raiders,2021-01-29,Victoria Thunder
Ice Dodgers,2021-01-30,Sidney Terriers
Calgary Cubs,2021-01-31,Montreal Bruins
Montreal Bruins,2021-01-31,Calgary Cubs
Ice Dodgers,2021-02-02,Peterborough Bearcats
Cold Travelways,2021-02-04,Thunder Bay Dogs
Vancouver Islanders,2021-02-05,Toronto Wild
Calgary Cougars,2021-02-06,Whitby Lakers
Stone Mariners,2021-02-07,Battleford Greys
Cold Islanders,2021-02-07,Vancouver Canadiens
Cold Chinooks,2021-02-08,Hamilton Tigers
Cold Colts,2021-02-09,Calgary Cougars
Calgary Cougars,2021-02-09,Cold Colts
Montreal Lasers,2021-02-10,Ottawa Crunch
Stone Timberwolves,2021-02-12,Sherwood Park Grads
Ottawa Greys,2021-02-14,Halifax Oland Centennials
Ice Dodgers,2021-02-17,Langley Hawks
Montreal Lasers,2021-02-17,Villanova Terriers
Toronto Eagles,2021-02-18,Cold Travelways
Calgary Fleur-de-Lys,2021-02-18,Bellingham Travelways
Calgary Cubs,2021-02-18,Vancouver Fury
Vancouver Fury,2021-02-18,Calgary Cubs
Cold Travelways,2021-02-18,Toronto Eagles
Ice Dodgers,2021-02-21,Super Salsa
Super Salsa,2021-02-21,Ice Dodgers
Montreal Raiders,2021-02-25,Calgary Cougars
Calgary Cougars,2021-02-25,Montreal Raiders
Ice Dodgers,2021-02-26,Broom Mets
Broom Mets,2021-02-26,Ice Dodgers
Ottawa Victorias,2021-02-26,Sidney Eagles
Vancouver Islanders,2021-03-01,Pierrefonds Canadians
Calgary Cougars,2021-03-02,Vancouver Fury
Vancouver Fury,2021-03-02,Calgary Cougars
Calgary Fleur-de-Lys,2021-03-03,Sudbury Jets
Cold Chinooks,2021-03-03,Laval Rousseau 77's
Ice Dodgers,2021-03-03,Ottawa Greys
Ottawa Greys,2021-03-03,Ice Dodgers
Broom Hawks,2021-03-07,Montreal Braves
Toronto Eagles,2021-03-07,Montreal Bruins
Montreal Bruins,2021-03-07,Toronto Eagles
Montreal Braves,2021-03-07,Broom Hawks
Ice Dodgers,2021-03-08,Super Salsa
Cold Islanders,2021-03-08,Markham Rebels
Super Salsa,2021-03-08,Ice Dodgers
Vancouver Islanders,2021-03-10,Bancroft Waxers
Montreal Bruins,2021-03-12,Moncton Legionaires
Toronto Eagles,2021-03-14,Chateauguay Canucks
Montreal Raiders,2021-03-16,Calgary Rockets
Calgary Rockets,2021-03-16,Montreal Raiders
Game of Stones,2021-03-17,Thunder Bay Thunderbirds
Cold Travelways,2021-03-17,Bellingham Travelways
Super Salsa,2021-03-18,Brandon Warriors
Broom Mets,2021-03-18,Langley Hawks
Broom Mets,2021-03-21,Oswego Cougars
Game of Stones,2021-03-22,Halifax Team Leafs
Super Salsa,2021-03-23,Saskatoon Rams
Stone Mariners,2021-03-23,Williams Lake Vulcans
Vancouver Islanders,2021-03-26,Richmond Hill Tondas
Broom Mets,2021-03-26,Wexford Beehives
Game of Stones,2021-03-28,Kindersley Warriors
Super Salsa,2021-03-28,Ottawa Greys
Ottawa Greys,2021-03-28,Super Salsa
Broom Hawks,2021-03-28,Prince Albert Marrs
Broom Mets,2021-03-30,Langley Hawks
Vancouver Fury,2021-03-30,Calgary Rockets
Calgary Rockets,2021-03-30,Vancouver Fury
Montreal Raiders,2021-03-30,Toronto Eagles
Toronto Eagles,2021-03-30,Montreal Raiders
Game of Stones,2021-03-31,Dartmouth Oland Thunderbirds
Ice Sabres,2021-04-01,Iron Range Penguins
Calgary Rockets,2021-04-04,Chateauguay Canucks
Calgary Cougars,2021-04-06,Sudbury Jets
Broom Mets,2021-04-06,Winnipeg Beehives
Calgary Bruins,2021-04-06,Chilliwack Metros
Game of Stones,2021-04-06,Kanata Valley Vipers
Super Salsa,2021-04-07,Stone Timberwolves
Stone Timberwolves,2021-04-07,Super Salsa
Vancouver Islanders,2021-04-07,Thunder Bay Thunder
Toronto Penguins,2021-04-08,Bancroft Waxers
Montreal Braves,2021-04-08,Edmonton Maple Predators
Montreal Bruins,2021-04-08,Yorkton Indians
Calgary Cougars,2021-04-08,Chateauguay Canucks
Calgary Cougars,2021-04-13,Calgary Cubs
Calgary Cubs,2021-04-13,Calgary Cougars
Game of Stones,2021-04-16,Toronto Penguins
Toronto Penguins,2021-04-16,Game of Stones
Ice Dodgers,2021-04-19,Cape Breton Lumberjacks
Cold Chinooks,2021-04-19,Vancouver Flyers
Ottawa Victorias,2021-04-20,Calgary Fleur-de-Lys
Calgary Fleur-de-Lys,2021-04-20,Ottawa Victorias
Ice Dodgers,2021-04-20,Vernon Bears
Vancouver Islanders,2021-04-20,Thunder Bay Thunderbirds
Montreal Bruins,2021-04-20,Sidney Eagles
Vancouver Fury,2021-04-21,Melfort Bruins
Toronto Eagles,2021-04-22,Thunder Bay Dogs
Calgary Fleur-de-Lys,2021-04-24,Victoria Thunder
Vancouver Islanders,2021-04-25,Thunder Bay Thunder
Cold Colts,2021-04-26,Calgary Fleur-de-Lys
Calgary Fleur-de-Lys,2021-04-26,Cold Colts
Ice Dodgers,2021-04-27,Battleford Greys
Montreal Lasers,2021-04-28,Riverview Elites
Cold Islanders,2021-04-30,Temiscaming Hawks
Ice Cougars,2021-04-30,Thunder Bay Thunderbirds
Ice Cougars,2021-05-01,Thornhill Caribous
Game of Stones,2021-05-01,Halifax A's
Calgary Cubs,2021-05-01,Sidney Eagles
Ottawa Greys,2021-05-03,Espanola Screaming Crystals
Calgary Cubs,2021-05-05,Moncton Legionaires
Toronto Penguins,2021-05-08,Halifax Team Leafs
Calgary Rockets,2021-05-08,Vancouver Fury
Vancouver Fury,2021-05-08,Calgary Rockets
Montreal Bruins,2021-05-09,Nickel Centre Terriers
Vancouver Fury,2021-05-11,Steinbach Oilers
Calgary Bruins,2021-05-12,Fort Garry Eagles
Montreal Braves,2021-05-14,Thetford Mines Blizzard
Ice Bulls,2021-05-16,Sudbury Jets
Calgary Fleur-de-Lys,2021-05-17,Canmore Rats
Broom Mets,2021-05-18,Stone Mariners
Stone Mariners,2021-05-18,Broom Mets
Cold Travelways,2021-05-19,Calgary Fleur-de-Lys
Calgary Fleur-de-Lys,2021-05-19,Cold Travelways
Montreal Braves,2021-05-23,Ste. Agathe Flyers
Stone Mariners,2021-05-23,Sherwood Park Grads
Ottawa Greys,2021-05-24,Williams Lake Vulcans
Ottawa Victorias,2021-05-26,Chateauguay Canucks
Calgary Rockets,2021-05-26,Windsor Royals
Calgary Fleur-de-Lys,2021-05-27,Calgary Cougars
Calgary Cougars,2021-05-27,Calgary Fleur-de-Lys
Super Salsa,2021-05-30,Lanark Festivals
Ice Dodgers,2021-06-03,Lanark Festivals
Ottawa Greys,2021-06-05,New Waterford Pack
Toronto Eagles,2021-06-05,Cold Colts
Cold Colts,2021-06-05,Toronto Eagles
Ottawa Victorias,2021-06-05,Sudbury Jets
Vancouver Islanders,2021-06-05,Halifax Team Leafs
Cold Travelways,2021-06-06,Toronto Eagles
Toronto Eagles,2021-06-06,Cold Travelways
Super Salsa,2021-06-07,Thunder Bay Panthers
Ice Dodgers,2021-06-08,Wexford Beehives
Ice Bulls,2021-06-09,Calgary Rockets
Calgary Rockets,2021-06-09,Ice Bulls
Calgary Fleur-de-Lys,2021-06-10,Ice Bulls
Ice Bulls,2021-06-10,Calgary Fleur-de-Lys
Cold Colts,2021-06-10,Montreal Bruins
Montreal Bruins,2021-06-10,Cold Colts
Calgary Rockets,2021-06-11,Whitby Lakers
Montreal Raiders,2021-06-14,Calgary Cubs
Calgary Cubs,2021-06-14,Montreal Raiders
Ice Bulls,2021-06-15,Chateauguay Canucks
Toronto Eagles,2021-06-16,Ottawa Victorias
Ottawa Victorias,2021-06-16,Toronto Eagles
Calgary Cougars,2021-06-17,Steinbach Oilers
Montreal Bruins,2021-06-19,Calgary Cougars
Calgary Cougars,2021-06-19,Montreal Bruins
Cold Travelways,2021-06-20,Calgary Rockets
Calgary Bruins,2021-06-20,Thunder Bay Flames
Calgary Rockets,2021-06-20,Cold Travelways
Montreal Raiders,2021-06-22,Calgary Fleur-de-Lys
Calgary Fleur-de-Lys,2021-06-22,Montreal Raiders
Ice Cougars,2021-06-22,Halifax Flames
Ice Unicorns,2021-06-23,Aurora Chiefs
Calgary Bruins,2021-06-24,Cold Huskies
Cold Huskies,2021-06-24,Calgary Bruins
Broom Hawks,2021-06-24,Penticton Chiefs
Calgary Fleur-de-Lys,2021-06-27,Thunder Bay Dogs
Stone Timberwolves,2021-06-27,Super Salsa
Super Salsa,2021-06-27,Stone Timberwolves
Toronto Penguins,2021-06-27,Game of Stones
Cold Islanders,2021-06-27,Cold Chinooks
Game of Stones,2021-06-27,Toronto Penguins
Cold Chinooks,2021-06-27,Cold Islanders
Broom Mets,2021-06-28,Stone Mariners
Stone Mariners,2021-06-28,Broom Mets
Calgary Cubs,2021-06-30,Montreal Bruins
Stone Mariners,2021-06-30,Vernon Bears
Montreal Bruins,2021-06-30,Calgary Cubs
Ice Dodgers,2021-07-01,Wexford Beehives
Vancouver Fury,2021-07-03,Ottawa Victorias
Game of Stones,2021-07-03,Toronto Wild
Ottawa Victorias,2021-07-03,Vancouver Fury
Game of Stones,2021-07-04,Pembroke Lumber Express
Calgary Fleur-de-Lys,2021-07-04,Canmore Rats
Game of Stones,2021-07-05,Elliot Lake Wings
Cold Chinooks,2021-07-05,North York Capitals
Ice Bulls,2021-07-06,Nickel Centre Terriers
Stone Mariners,2021-07-07,Sherwood Park Grads
Super Salsa,2021-07-08,Broom Mets
Broom Mets,2021-07-08,Super Salsa
Calgary Cougars,2021-07-08,Sudbury Jets
Broom Hawks,2021-07-10,Pembroke Lumber Bears
Ice Bulls,2021-07-11,Calgary Rockets
Vancouver Fury,2021-07-11,Cold Travelways
Cold Travelways,2021-07-11,Vancouver Fury
Calgary Rockets,2021-07-11,Ice Bulls
Ice Sabres,2021-07-12,Chilliwack Metros
Broom Mets,2021-07-14,Battleford Greys
Ottawa Victorias,2021-07-14,Nickel Centre Terriers
Toronto Penguins,2021-07-15,Richmond Hill Tondas
Ice Huskies,2021-07-15,Espanola Screaming Crystals
Super Salsa,2021-07-17,Williams Lake Vulcans
Ice Cougars,2021-07-20,Toronto Penguins
Toronto Penguins,2021-07-20,Ice Cougars
Stone Mariners,2021-07-21,Vernon Bears
Vancouver Islanders,2021-07-21,Thunder Bay Thunderbirds
Broom Mets,2021-07-21,Southeast Nationals
Ottawa Victorias,2021-07-23,Cold Colts
Cold Colts,2021-07-23,Ottawa Victorias
Baby Broomers,2021-07-25,Hamilton Tigers
Broom Mets,2021-07-27,Stone Timberwolves
Calgary Bruins,2021-07-27,Trail Smoke Remparts
Stone Timberwolves,2021-07-27,Broom Mets
Cold Colts,2021-07-28,Calgary Cougars
Calgary Cougars,2021-07-28,Cold Colts
Ottawa Victorias,2021-07-29,Chateauguay Canucks
Cold Islanders,2021-07-29,Cold Chinooks
Stone Timberwolves,2021-07-29,Ottawa Greys
Ottawa Greys,2021-07-29,Stone Timberwolves
Cold Chinooks,2021-07-29,Cold Islanders
Calgary Cubs,2021-07-29,Vancouver Jr. Terriers
Cold Chinooks,2021-07-30,Markham Rebels
Cold Travelways,2021-08-02,Sudbury Jets
Calgary Bruins,2021-08-02,Fort Garry Eagles
Montreal Bruins,2021-08-04,Yorkton Indians
Stone Mariners,2021-08-04,Winnipeg Beehives
Ice Cougars,2021-08-04,Thornhill Caribous
Ottawa Greys,2021-08-06,Williams Lake Warriors
Ottawa Victorias,2021-08-08,Vancouver Jr. Terriers
Super Salsa,2021-08-08,Port-aux-Basques Buccaneers
Baby Broomers,2021-08-09,Cape Breton Rustlers
Ice Huskies,2021-08-09,Stone Mariners
Stone Mariners,2021-08-09,Ice Huskies
Ice Sabres,2021-08-11,Trail Smoke Remparts
Cold Chinooks,2021-08-11,South Surrey Canadians
Ottawa Victorias,2021-08-12,Moncton Legionaires
Vancouver Islanders,2021-08-13,Ice Cougars
Ice Cougars,2021-08-13,Vancouver Islanders
Baby Broomers,2021-08-15,Vancouver Flyers
Ice Huskies,2021-08-15,Sidney Terriers
Toronto Penguins,2021-08-16,Richmond Hill Tondas
Stone Timberwolves,2021-08-16,Winnipeg Beehives
Stone Mariners,2021-08-17,Ottawa Greys
Ottawa Greys,2021-08-17,Stone Mariners
Ice Unicorns,2021-08-17,Villanova Terriers
Baby Broomers,2021-08-17,Toronto 73's
Calgary Cougars,2021-08-17,Whitby Lakers
Montreal Braves,2021-08-17,Penticton Chiefs
Ice Dodgers,2021-08-17,Sidney Terriers
Broom Mets,2021-08-18,North Sydney Spitfires
Broom Mets,2021-08-19,Super Salsa
Super Salsa,2021-08-19,Broom Mets
Montreal Bruins,2021-08-20,Ice Bulls
Cold Travelways,2021-08-20,Montreal Raiders
Ice Bulls,2021-08-20,Montreal Bruins
Montreal Raiders,2021-08-20,Cold Travelways
Super Salsa,2021-08-20,Lanark Festivals
Broom Hawks,2021-08-22,Cape Breton Spartans
Calgary Cubs,2021-08-24,Ottawa Victorias
Ottawa Victorias,2021-08-24,Calgary Cubs
Montreal Bruins,2021-08-25,Sudbury Jets
Broom Hawks,2021-08-25,Pembroke Lumber Bears
Calgary Cougars,2021-08-25,Calgary Fleur-de-Lys
Calgary Fleur-de-Lys,2021-08-25,Calgary Cougars
Calgary Cougars,2021-08-26,Vancouver Fury
Calgary Fleur-de-Lys,2021-08-26,Calgary Rockets
Calgary Rockets,2021-08-26,Calgary Fleur-de-Lys
Vancouver Fury,2021-08-26,Calgary Cougars
Calgary Rockets,2021-08-28,Melfort Bruins
Calgary Bruins,2021-08-28,Brockville Spirit
Cold Chinooks,2021-08-30,Montreal Lasers
Montreal Lasers,2021-08-30,Cold Chinooks
Cold Islanders,2021-08-30,Super Atlantics
Super Atlantics,2021-08-30,Cold Islanders
Cold Travelways,2021-09-01,Vancouver Fury
Vancouver Fury,2021-09-01,Cold Travelways
Montreal Bruins,2021-09-01,Yorkton Indians
Calgary Bruins,2021-09-03,Chilliwack Metros
Cold Huskies,2021-09-04,Halifax Oland Vikings
Vancouver Islanders,2021-09-05,Pierrefonds Canadians
Super Salsa,2021-09-05,Lanark Festivals
Vancouver Buccaneers,2021-09-05,Ottawa Crunch
Ottawa Greys,2021-09-06,Stone Mariners
Stone Mariners,2021-09-06,Ottawa Greys
Ice Sabres,2021-09-07,Richmond Hill Mets
Cold Colts,2021-09-08,Victoria Thunder
Cold Huskies,2021-09-08,Humboldt Vipers
Vancouver Buccaneers,2021-09-09,Montreal Lasers
Calgary Cougars,2021-09-09,Victoria Thunder
Montreal Bruins,2021-09-09,Toronto Eagles
Montreal Lasers,2021-09-09,Vancouver Buccaneers
Toronto Eagles,2021-09-09,Montreal Bruins
Toronto Eagles,2021-09-10,Steinbach Oilers
Montreal Raiders,2021-09-10,Yorkton Indians
Vancouver Buccaneers,2021-09-11,Cape Breton Rustlers
Cold Chinooks,2021-09-11,Hamilton Tigers
Cold Huskies,2021-09-11,Fort Garry Eagles
Ice Huskies,2021-09-12,Southeast Nationals
Cold Chinooks,2021-09-13,Markham Rebels
Stone Mariners,2021-09-14,Peterborough Bearcats
Ice Huskies,2021-09-14,Southeast Nationals
Calgary Cubs,2021-09-15,Windsor Royals
Ice Unicorns,2021-09-15,Thunder Bay Eaters
Vancouver Fury,2021-09-16,Montreal Raiders
Montreal Raiders,2021-09-16,Vancouver Fury
Stone Mariners,2021-09-16,Winnipeg Beehives
Montreal Bruins,2021-09-17,Chateauguay Canucks
Montreal Braves,2021-09-23,Penticton Chiefs
Ottawa Victorias,2021-09-23,Melfort Bruins
Vancouver Islanders,2021-09-24,Toronto Wild
Ice Dodgers,2021-09-24,Lanark Festivals
Vancouver Islanders,2021-09-25,Pembroke Lumber Express
Montreal Lasers,2021-09-25,Super Atlantics
Super Atlantics,2021-09-25,Montreal Lasers
Calgary Cougars,2021-09-25,Vancouver Jr. Terriers
Calgary Cubs,2021-09-26,Moncton Legionaires
Cold Colts,2021-09-26,Ottawa Victorias
Ottawa Victorias,2021-09-26,Cold Colts
Cold Chinooks,2021-09-28,South Surrey Canadians
Vancouver Islanders,2021-09-29,Halifax Flames
Ice Cougars,2021-10-01,Pembroke Lumber Express
Ice Dodgers,2021-10-03,Vernon Bears
Ice Sabres,2021-10-05,Trail Smoke Remparts
Ice Unicorns,2021-10-06,Ottawa Crunch
Broom Hawks,2021-10-06,Cape Breton Spartans
Toronto Penguins,2021-10-06,Halifax A's
Vancouver Islanders,2021-10-08,Thornhill Caribous
Ice Bulls,2021-10-08,Victoria Thunder
Calgary Cougars,2021-10-09,Cold Colts
Cold Islanders,2021-10-09,South Surrey Canadians
Cold Colts,2021-10-09,Calgary Cougars
Super Salsa,2021-10-09,Williams Lake Vulcans
Super Atlantics,2021-10-10,La Salle Eagles
Montreal Bruins,2021-10-10,Thunder Bay Dogs
Cold Chinooks,2021-10-10,Ice Unicorns
Ice Unicorns,2021-10-10,Cold Chinooks
Ottawa Victorias,2021-10-12,Vancouver Fury
Vancouver Fury,2021-10-12,Ottawa Victorias
Ottawa Greys,2021-10-14,New Waterford Pack
Vancouver Islanders,2021-10-15,Halifax Flames
Ottawa Greys,2021-10-15,Saskatoon Rams
Montreal Bruins,2021-10-16,Bellingham Travelways
Montreal Braves,2021-10-16,Aurora Canadians
Cold Huskies,2021-10-17,Ice Sabres
Ice Sabres,2021-10-17,Cold Huskies
Toronto Eagles,2021-10-17,Montreal Bruins
Montreal Bruins,2021-10-17,Toronto Eagles
Broom Hawks,2021-10-18,Rosemont Bears
Ice Sabres,2021-10-18,New Westminster Thunder
Montreal Raiders,2021-10-19,Thunder Bay Dogs
Montreal Braves,2021-10-19,Aurora Canadians
Vancouver Islanders,2021-10-19,Pierrefonds Canadians
Ice Sabres,2021-10-20,Halifax Oland Vikings
Cold Travelways,2021-10-21,Bellingham Travelways
Toronto Penguins,2021-10-22,Ice Cougars
Ice Cougars,2021-10-22,Toronto Penguins
Broom Hawks,2021-10-22,Ste. Agathe Flyers
Toronto Penguins,2021-10-23,Elliot Lake Wings
Vancouver Islanders,2021-10-25,Toronto Wild
Vancouver Islanders,2021-10-26,Pierrefonds Canadians
Montreal Bruins,2021-10-27,Canmore Rats
Calgary Rockets,2021-10-29,Whitby Lakers
Game of Stones,2021-10-29,Thornhill Caribous
Calgary Fleur-de-Lys,2021-10-30,Thunder Bay Dogs
Game of Stones,2021-10-30,Bancroft Waxers
Montreal Braves,2021-10-31,Super Lords
Montreal Bruins,2021-10-31,Sudbury Jets
Super Lords,2021-10-31,Montreal Braves
Ottawa Kiltys,2021-11-02,Lanark Festivals
Super Salsa,2021-11-02,Ice Huskies
Ice Huskies,2021-11-02,Super Salsa
Ice Dodgers,2021-11-02,Espanola Screaming Crystals
Ice Bulls,2021-11-04,Sudbury Jets
Ice Sabres,2021-11-05,Richmond Hill Mets
Ottawa Victorias,2021-11-05,Sudbury Jets
Stone Mariners,2021-11-06,Southeast Nationals
Montreal Bruins,2021-11-06,Whitby Lakers
Calgary Bruins,2021-11-08,Fort Garry Eagles
Stone Mariners,2021-11-08,Williams Lake Warriors
Cold Huskies,2021-11-08,Brockville Spirit
Calgary Bruins,2021-11-09,Ice Sabres
Super Salsa,2021-11-09,Ajax Sports
Ice Sabres,2021-11-09,Calgary Bruins
Ottawa Greys,2021-11-10,Sidney Terriers
Ice Cougars,2021-11-10,Dartmouth Oland Thunderbirds
Toronto Eagles,2021-11-11,Nickel Centre Terriers
Vancouver Buccaneers,2021-11-11,North York Capitals
Ice Sabres,2021-11-13,Humboldt Vipers
Ice Bulls,2021-11-13,Bellingham Travelways
Montreal Bruins,2021-11-14,Canmore Rats
Stone Mariners,2021-11-16,Saskatoon Rams
Montreal Braves,2021-11-16,Penticton Chiefs
Super Salsa,2021-11-17,Winnipeg Beehives
Ice Unicorns,2021-11-18,Toronto 73's
Baby Broomers,2021-11-19,Mississauga Cougars
Ice Dodgers,2021-11-21,Williams Lake Warriors
Super Salsa,2021-11-21,Thunder Bay Panthers
Game of Stones,2021-11-23,Thornhill Caribous
Cold Islanders,2021-11-25,Ice Unicorns
Montreal Raiders,2021-11-25,Ottawa Victorias
Ottawa Victorias,2021-11-25,Montreal Raiders
Ottawa Kiltys,2021-11-25,Brandon Warriors
Ice Unicorns,2021-11-25,Cold Islanders
Ice Huskies,2021-11-27,Langley Hawks
Cold Colts,2021-11-29,Chateauguay Canucks
Calgary Cougars,2021-11-29,Vancouver Jr. Terriers
Game of Stones,2021-12-01,Ice Cougars
Ice Cougars,2021-12-01,Game of Stones
Montreal Lasers,2021-12-02,Vernon Crystals
Ice Unicorns,2021-12-03,Cold Islanders
Cold Islanders,2021-12-03,Ice Unicorns
Toronto Penguins,2021-12-06,Toronto Wild
Toronto Olympics,2021-12-06,Port-aux-Basques Buccaneers
Vancouver Buccaneers,2021-12-06,La Salle Eagles
Ice Dodgers,2021-12-07,Lanark Festivals
Ice Sabres,2021-12-07,Cold Huskies
Cold Huskies,2021-12-07,Ice Sabres
Calgary Cubs,2021-12-08,Steinbach Oilers
Cold Chinooks,2021-12-09,South Surrey Canadians
Ottawa Greys,2021-12-10,Southeast Nationals
Toronto Rockets,2021-12-11,Montreal Vipers
Ice Huskies,2021-12-11,Stone Mariners
Stone Mariners,2021-12-11,Ice Huskies
Ottawa Greys,2021-12-11,Lanark Festivals
Montreal Vipers,2021-12-11,Toronto Rockets
Montreal Lasers,2021-12-12,Ice Unicorns
Toronto Eagles,2021-12-12,Cold Colts
Ice Unicorns,2021-12-12,Montreal Lasers
Cold Colts,2021-12-12,Toronto Eagles
Ice Unicorns,2021-12-13,La Salle Eagles
Montreal Bruins,2021-12-13,Moncton Legionaires
Ottawa Greys,2021-12-13,Southeast Nationals
Broom Mets,2021-12-14,Brandon Warriors
Toronto Eagles,2021-12-14,Cold Colts
Cold Colts,2021-12-14,Toronto Eagles
Montreal Vipers,2021-12-15,Niagara Falls Filons
Toronto Eagles,2021-12-17,Calgary Cubs
Calgary Cubs,2021-12-17,Toronto Eagles
Super Salsa,2021-12-19,Langley Hawks
Ice Unicorns,2021-12-19,Vancouver Canadiens
Ice Dodgers,2021-12-20,Vernon Bears
Ottawa Victorias,2021-12-20,Canmore Rats
Ottawa Greys,2021-12-22,Sherwood Park Grads
Vancouver Fury,2021-12-22,Yorkton Indians
Ice Sabres,2021-12-23,Iron Range Penguins
Ice Unicorns,2021-12-25,Hamilton Tigers
Ice Dodgers,2021-12-26,Brandon Warriors
Game of Stones,2021-12-28,Halifax Flames
Toronto Olympics,2021-12-28,Ice Huskies
Ice Huskies,2021-12-28,Toronto Olympics
Cold Islanders,2021-12-29,Vancouver Buccaneers
Vancouver Buccaneers,2021-12-29,Cold Islanders
Calgary Fleur-de-Lys,2021-12-30,Montreal Raiders
Montreal Raiders,2021-12-30,Calgary Fleur-de-Lys
Toronto Rockets,2021-12-30,Pembroke Lumber Bears
Ice Bulls,2022-01-01,Thunder Bay Dogs
Montreal Braves,2022-01-04,Penticton Chiefs
Ice Huskies,2022-01-04,Super Salsa
Super Salsa,2022-01-04,Ice Huskies
Rolling Stones,2022-01-04,La Salle Eagles
Toronto Rockets,2022-01-05,Pembroke Lumber Bears
Calgary Metros,2022-01-05,Mississauga Cougars
Cold Huskies,2022-01-06,Iron Range Penguins
Calgary Metros,2022-01-08,Vernon Crystals
Vancouver Fury,2022-01-08,Sidney Eagles
Ice Huskies,2022-01-09,New Waterford Pack
Broom Hawks,2022-01-09,Penticton Chiefs
Toronto Olympics,2022-01-12,Langley Hawks
Toronto Eagles,2022-01-12,Thunder Bay Dogs
Vancouver Islanders,2022-01-13,Ice Cougars
Ice Cougars,2022-01-13,Vancouver Islanders
Toronto Olympics,2022-01-13,Wexford Beehives
Toronto Penguins,2022-01-14,Game of Stones
Game of Stones,2022-01-14,Toronto Penguins
Montreal Braves,2022-01-15,Port Hope Islanders
Stone Mariners,2022-01-16,Vernon Bears
Cold Islanders,2022-01-16,Montreal Lasers
Montreal Lasers,2022-01-16,Cold Islanders
Ottawa Greys,2022-01-16,Halifax Oland Centennials
Cold Chinooks,2022-01-17,Calgary Metros
Calgary Metros,2022-01-17,Cold Chinooks
Rolling Stones,2022-01-18,Dartmouth Crunch
Vancouver Fury,2022-01-20,Cold Travelways
Cold Travelways,2022-01-20,Vancouver Fury
Ottawa Kiltys,2022-01-23,Super Salsa
Super Salsa,2022-01-23,Ottawa Kiltys
Stone Timberwolves,2022-01-24,Sidney Terriers
Rolling Stones,2022-01-24,Super Atlantics
Super Atlantics,2022-01-24,Rolling Stones
Ottawa Victorias,2022-01-24,Montreal Raiders
Toronto Penguins,2022-01-24,Kanata Valley Vipers
Stone Mariners,2022-01-24,Cape Breton Lumberjacks
Ice Sabres,2022-01-24,Calgary Marauders
Montreal Raiders,2022-01-24,Ottawa Victorias
Stone Timberwolves,2022-01-25,Ottawa Kiltys
Cold Islanders,2022-01-25,La Salle Eagles
Ottawa Kiltys,2022-01-25,Stone Timberwolves
Calgary Fleur-de-Lys,2022-01-26,Steinbach Oilers
Ice Bulls,2022-01-26,Ottawa Victorias
Ottawa Victorias,2022-01-26,Ice Bulls
Ice Huskies,2022-01-26,Super Salsa
Super Salsa,2022-01-26,Ice Huskies
Montreal Raiders,2022-01-27,Montreal Bruins
Vancouver Islanders,2022-01-27,Elliot Lake Wings
Montreal Bruins,2022-01-27,Montreal Raiders
Montreal Lasers,2022-01-29,Hamilton Tigers
Vancouver Fury,2022-01-29,Ottawa Victorias
Ottawa Victorias,2022-01-29,Vancouver Fury
Cold Islanders,2022-01-30,Mississauga Cougars
Toronto Penguins,2022-01-31,Richmond Hill Tondas
Toronto Rockets,2022-02-01,Broom Hawks
Broom Hawks,2022-02-01,Toronto Rockets
Ice Dodgers,2022-02-02,Ottawa Greys
Ottawa Greys,2022-02-02,Ice Dodgers
Calgary Rockets,2022-02-03,Calgary Fleur-de-Lys
Vancouver Buccaneers,2022-02-03,Cape Breton Rustlers
Calgary Fleur-de-Lys,2022-02-03,Calgary Rockets
Montreal Bruins,2022-02-04,Victoria Thunder
Broom Mets,2022-02-04,Lanark Festivals
Montreal Bruins,2022-02-05,Windsor Royals
Stone Timberwolves,2022-02-06,Winnipeg Beehives
Ice Cougars,2022-02-06,Kanata Valley Vipers
Broom Hawks,2022-02-07,Aurora Canadians
Toronto Olympics,2022-02-08,Espanola Screaming Crystals
Ice Huskies,2022-02-09,Southeast Nationals
Cold Chinooks,2022-02-09,Vancouver Buccaneers
Ottawa Kiltys,2022-02-09,Stone Mariners
Toronto Olympics,2022-02-09,Super Salsa
Super Salsa,2022-02-09,Toronto Olympics
Vancouver Buccaneers,2022-02-09,Cold Chinooks
Montreal Braves,2022-02-09,Niagara Falls Filons
Stone Mariners,2022-02-09,Ottawa Kiltys
Cold Chinooks,2022-02-12,Cape Breton Rustlers
Vancouver Buccaneers,2022-02-15,Markham Rebels
Cold Chinooks,2022-02-15,Thunder Bay Eaters
Ice Sabres,2022-02-15,Trail Smoke Remparts
Toronto Olympics,2022-02-15,Williams Lake Vulcans
Super Salsa,2022-02-16,Port-aux-Basques Buccaneers
Toronto Rockets,2022-02-16,Penticton Chiefs
Cold Huskies,2022-02-16,Markham Rockets
Broom Hawks,2022-02-16,Rosemont Bears
Calgary Cougars,2022-02-18,Yorkton Indians
Cold Travelways,2022-02-18,Sidney Eagles
Vancouver Islanders,2022-02-18,Peterborough Jr. Patriots
Montreal Vipers,2022-02-19,Rosemont Bears
Toronto Eagles,2022-02-21,Steinbach Oilers
Ice Huskies,2022-02-21,Sidney Terriers
Vancouver Buccaneers,2022-02-21,Markham Rebels
Cold Colts,2022-02-24,Canmore Rats
Montreal Raiders,2022-02-26,Yorkton Indians
Ice Bulls,2022-02-27,Montreal Bruins
Cold Chinooks,2022-02-27,Cold Islanders
Cold Islanders,2022-02-27,Cold Chinooks
Montreal Braves,2022-02-27,Toronto Rockets
Toronto Rockets,2022-02-27,Montreal Braves
Montreal Bruins,2022-02-27,Ice Bulls
Super Salsa,2022-03-01,Cape Breton Lumberjacks
Calgary Fleur-de-Lys,2022-03-01,Nickel Centre Terriers
Toronto Eagles,2022-03-02,Calgary Cubs
Ice Huskies,2022-03-02,Saskatoon Rams
Toronto Olympics,2022-03-02,Halifax Oland Centennials
Calgary Cubs,2022-03-02,Toronto Eagles
Calgary Metros,2022-03-04,Villanova Terriers
Stone Mariners,2022-03-05,Cape Breton Lumberjacks
Vancouver Buccaneers,2022-03-06,Cold Chinooks
Cold Chinooks,2022-03-06,Vancouver Buccaneers
Vancouver Buccaneers,2022-03-07,Mississauga Cougars
Cold Huskies,2022-03-07,Humboldt Vipers
Super Lords,2022-03-08,Thetford Mines Blizzard
Ice Sabres,2022-03-09,Richmond Hill Mets
Toronto Eagles,2022-03-10,Steinbach Oilers
Ice Bulls,2022-03-14,Vancouver Jr. Terriers
Cold Colts,2022-03-14,Chateauguay Canucks
Calgary Rockets,2022-03-16,Nickel Centre Terriers
Calgary Bruins,2022-03-19,Burlington Stampeders
Cold Islanders,2022-03-19,Vernon Crystals
Cold Islanders,2022-03-20,Laval Rousseau 77's
Toronto Penguins,2022-03-21,Pierrefonds Canadians
Broom Mets,2022-03-21,Winnipeg Beehives
Ice Huskies,2022-03-21,Ice Dodgers
Ice Dodgers,2022-03-21,Ice Huskies
Calgary Bruins,2022-03-22,Cold Huskies
Cold Huskies,2022-03-22,Calgary Bruins
Ottawa Greys,2022-03-23,Cape Breton Lumberjacks
Ottawa Greys,2022-03-24,Southeast Nationals
Calgary Metros,2022-03-26,Ice Unicorns
Ice Unicorns,2022-03-26,Calgary Metros
Calgary Rockets,2022-03-28,Montreal Bruins
Montreal Bruins,2022-03-28,Calgary Rockets
Montreal Bruins,2022-03-30,Bellingham Travelways
Vancouver Fury,2022-03-31,Nickel Centre Terriers
Ice Sabres,2022-04-01,Markham Rockets
Montreal Braves,2022-04-02,Prince Albert Marrs
Toronto Rockets,2022-04-02,Pembroke Lumber Bears
Stone Timberwolves,2022-04-03,Ajax Sports
Montreal Lasers,2022-04-03,Vancouver Flyers
Cold Travelways,2022-04-04,Sudbury Jets
Calgary Metros,2022-04-05,Riverview Elites
Toronto Olympics,2022-04-07,Ice Huskies
Ice Huskies,2022-04-07,Toronto Olympics
Broom Mets,2022-04-07,Southeast Nationals
Calgary Rockets,2022-04-08,Victoria Thunder
Toronto Rockets,2022-04-10,Broom Hawks
Broom Hawks,2022-04-10,Toronto Rockets
Cold Travelways,2022-04-11,Moncton Legionaires
Super Lords,2022-04-11,Broom Hawks
Broom Hawks,2022-04-11,Super Lords
Montreal Vipers,2022-04-13,Edmonton Maple Predators
Vancouver Buccaneers,2022-04-14,Riverview Elites
Montreal Bruins,2022-04-15,Sudbury Jets
Montreal Lasers,2022-04-17,Temiscaming Hawks
Curlers Terriers,2022-04-17,Ste. Agathe Flyers
Ottawa Greys,2022-04-18,Winnipeg Beehives
Cold Islanders,2022-04-19,Thunder Bay Eaters
Cold Islanders,2022-04-20,Vancouver Buccaneers
Toronto Eagles,2022-04-20,Calgary Cubs
Vancouver Buccaneers,2022-04-20,Cold Islanders
Calgary Cubs,2022-04-20,Toronto Eagles
Ice Huskies,2022-04-20,Sherwood Park Grads
Ice Cougars,2022-04-21,Halifax Team Leafs
Ice Huskies,2022-04-21,Southeast Nationals
Super Salsa,2022-04-21,Stone Mariners
Stone Mariners,2022-04-21,Super Salsa
Calgary Rockets,2022-04-22,Steinbach Oilers
Ottawa Greys,2022-04-22,Vernon Bears
Calgary Bruins,2022-04-24,Trail Smoke Remparts
Broom Mets,2022-04-26,Williams Lake Vulcans
Montreal Raiders,2022-04-26,Calgary Rockets
Toronto Eagles,2022-04-26,Moncton Legionaires
Calgary Rockets,2022-04-26,Montreal Raiders
Montreal Raiders,2022-04-27,Bellingham Travelways
Ottawa Kiltys,2022-04-27,Oswego Cougars
Game of Stones,2022-04-28,Vancouver Islanders
Vancouver Islanders,2022-04-28,Game of Stones
Montreal Bruins,2022-04-28,Steinbach Oilers
Super Salsa,2022-04-29,Williams Lake Warriors
Ice Sabres,2022-04-30,Charlottetown Schooners
Montreal Bruins,2022-04-30,Canmore Rats
Ottawa Greys,2022-05-01,Langley Hawks
Cold Huskies,2022-05-03,New Westminster Thunder
Ice Bulls,2022-05-03,Moncton Legionaires
Ice Huskies,2022-05-04,Southeast Nationals
Broom Mets,2022-05-04,Ottawa Kiltys
Calgary Cubs,2022-05-04,Montreal Bruins
Ottawa Kiltys,2022-05-04,Broom Mets
Montreal Bruins,2022-05-04,Calgary Cubs
Ice Unicorns,2022-05-04,Temiscaming Hawks
Montreal Raiders,2022-05-05,Vancouver Fury
Vancouver Fury,2022-05-05,Montreal Raiders
Ice Unicorns,2022-05-05,Dartmouth Crunch
Ottawa Victorias,2022-05-05,Nickel Centre Terriers
Ice Dodgers,2022-05-06,Ajax Sports
Ice Unicorns,2022-05-06,Cold Islanders
Ice Bulls,2022-05-06,Vancouver Jr. Terriers
Toronto Penguins,2022-05-06,Thunder Bay Thunder
Cold Islanders,2022-05-06,Ice Unicorns
Ice Unicorns,2022-05-07,Laval Rousseau 77's
Montreal Lasers,2022-05-07,Toronto 73's
Montreal Raiders,2022-05-08,Calgary Cougars
Calgary Cougars,2022-05-08,Montreal Raiders
Super Lords,2022-05-08,Broom Hawks
Broom Hawks,2022-05-08,Super Lords
Calgary Rockets,2022-05-09,Victoria Thunder
Stone Timberwolves,2022-05-09,Wexford Beehives
Montreal Raiders,2022-05-10,Chateauguay Canucks
Toronto Penguins,2022-05-11,Thornhill Caribous
Montreal Lasers,2022-05-13,Cold Islanders
Cold Islanders,2022-05-13,Montreal Lasers
Super Atlantics,2022-05-13,Mississauga Cougars
Cold Chinooks,2022-05-15,Super Atlantics
Stone Timberwolves,2022-05-15,Vernon Bears
Super Atlantics,2022-05-15,Cold Chinooks
Toronto Olympics,2022-05-16,Stone Mariners
Stone Mariners,2022-05-16,Toronto Olympics
Super Salsa,2022-05-16,Ottawa Kiltys
Ottawa Kiltys,2022-05-16,Super Salsa
Super Salsa,2022-05-20,Thunder Bay Panthers
Stone Timberwolves,2022-05-20,Williams Lake Vulcans
Toronto Penguins,2022-05-21,Pembroke Lumber Express
Super Salsa,2022-05-21,North Sydney Spitfires
Calgary Cubs,2022-05-22,Yorkton Indians
Broom Hawks,2022-05-22,Niagara Falls Filons
Ottawa Greys,2022-05-22,Southeast Nationals
Calgary Rockets,2022-05-24,Calgary Fleur-de-Lys
Calgary Fleur-de-Lys,2022-05-24,Calgary Rockets
Ice Huskies,2022-05-24,Sidney Terriers
Montreal Vipers,2022-05-26,Pembroke Lumber Bears
Toronto Penguins,2022-05-26,Thornhill Caribous
Ottawa Victorias,2022-05-26,Ice Bulls
Ice Bulls,2022-05-26,Ottawa Victorias
Rolling Stones,2022-05-28,Montreal Lasers
Montreal Lasers,2022-05-28,Rolling Stones
Ice Sabres,2022-05-28,New Westminster Thunder
Ice Bulls,2022-05-29,Canmore Rats
Calgary Fleur-de-Lys,2022-05-29,Calgary Cubs
Calgary Cubs,2022-05-29,Calgary Fleur-de-Lys
Calgary Cubs,2022-05-30,Calgary Cougars
Curlers Terriers,2022-05-30,Rosemont Bears
Calgary Cougars,2022-05-30,Calgary Cubs
Broom Mets,2022-06-01,Ajax Sports
Calgary Bruins,2022-06-01,Burlington Stampeders
Calgary Fleur-de-Lys,2022-06-02,Vancouver Jr. Terriers
Toronto Eagles,2022-06-02,Vancouver Jr. Terriers
Stone Mariners,2022-06-03,Halifax Oland Centennials
Ice Bulls,2022-06-04,Ottawa Victorias
Super Salsa,2022-06-04,Ice Dodgers
Ice Dodgers,2022-06-04,Super Salsa
Ottawa Victorias,2022-06-04,Ice Bulls
Broom Mets,2022-06-05,Battleford Greys
Cold Islanders,2022-06-05,Vancouver Canadiens
Ice Unicorns,2022-06-07,Cold Islanders
Ottawa Victorias,2022-06-07,Chateauguay Canucks
Cold Islanders,2022-06-07,Ice Unicorns
Calgary Cougars,2022-06-08,Moncton Legionaires
Toronto Penguins,2022-06-09,Pierrefonds Canadians
Toronto Penguins,2022-06-10,Thornhill Caribous
Montreal Vipers,2022-06-11,Curlers Terriers
Curlers Terriers,2022-06-11,Montreal Vipers
Ice Bulls,2022-06-12,Chateauguay Canucks
Montreal Bruins,2022-06-14,Whitby Lakers
Stone Timberwolves,2022-06-15,Ice Dodgers
Ice Dodgers,2022-06-15,Stone Timberwolves
Vancouver Buccaneers,2022-06-15,Montreal Lasers
Montreal Lasers,2022-06-15,Vancouver Buccaneers
Montreal Bruins,2022-06-16,Yorkton Indians
Montreal Bruins,2022-06-17,Steinbach Oilers
Toronto Eagles,2022-06-19,Cold Colts
Cold Islanders,2022-06-19,Aurora Chiefs
Cold Colts,2022-06-19,Toronto Eagles
Ottawa Greys,2022-06-19,Ottawa Kiltys
Ottawa Kiltys,2022-06-19,Ottawa Greys
Ice Unicorns,2022-06-19,Cold Chinooks
Cold Chinooks,2022-06-19,Ice Unicorns
Toronto Eagles,2022-06-21,Steinbach Oilers
Stone Mariners,2022-06-22,Saskatoon Rams
Ottawa Victorias,2022-06-22,Thunder Bay Dogs
Rolling Stones,2022-06-22,Vancouver Buccaneers
Vancouver Buccaneers,2022-06-22,Rolling Stones
Calgary Metros,2022-06-24,Cape Breton Rustlers
Calgary Rockets,2022-06-25,Victoria Thunder
Rolling Stones,2022-06-26,Villanova Terriers
Calgary Cougars,2022-06-26,Yorkton Indians
Stone Mariners,2022-06-26,Langley Hawks
Ottawa Victorias,2022-06-26,Montreal Raiders
Montreal Raiders,2022-06-26,Ottawa Victorias
Montreal Bruins,2022-06-28,Calgary Cubs
Calgary Cubs,2022-06-28,Montreal Bruins
Ice Dodgers,2022-06-28,Super Salsa
Super Salsa,2022-06-28,Ice Dodgers
Cold Islanders,2022-06-29,Montreal Lasers
Montreal Lasers,2022-06-29,Cold Islanders
Ottawa Victorias,2022-06-30,Nickel Centre Terriers
Cold Islanders,2022-06-30,Calgary Metros
Calgary Metros,2022-06-30,Cold Islanders
Vancouver Fury,2022-07-01,Calgary Cubs
Cold Travelways,2022-07-01,Calgary Rockets
Ice Huskies,2022-07-01,Vernon Bears
Calgary Rockets,2022-07-01,Cold Travelways
Calgary Cubs,2022-07-01,Vancouver Fury
Ice Unicorns,2022-07-03,Riverview Elites
Montreal Raiders,2022-07-04,Ottawa Victorias
Ottawa Victorias,2022-07-04,Montreal Raiders
Broom Mets,2022-07-06,Oswego Cougars
Ice Huskies,2022-07-06,Broom Mets
Broom Mets,2022-07-06,Ice Huskies
Super Salsa,2022-07-06,Winnipeg Beehives
Ottawa Victorias,2022-07-08,Ice Bulls
Curlers Terriers,2022-07-08,Prince Albert Marrs
Ice Bulls,2022-07-08,Ottawa Victorias
Toronto Rockets,2022-07-09,Montreal Braves
Montreal Braves,2022-07-09,Toronto Rockets
Toronto Olympics,2022-07-09,Brandon Warriors
Toronto Eagles,2022-07-10,Calgary Cubs
Calgary Cubs,2022-07-10,Toronto Eagles
Montreal Braves,2022-07-11,Broom Hawks
Broom Hawks,2022-07-11,Montreal Braves
Super Salsa,2022-07-11,Saskatoon Rams
Montreal Lasers,2022-07-12,Cold Chinooks
Cold Chinooks,2022-07-12,Montreal Lasers
Rolling Stones,2022-07-13,Calgary Metros
Calgary Metros,2022-07-13,Rolling Stones
Super Atlantics,2022-07-13,Vancouver Canadiens
Toronto Eagles,2022-07-13,Bellingham Travelways
Curlers Terriers,2022-07-14,Toronto Rockets
Toronto Rockets,2022-07-14,Curlers Terriers
Ice Dodgers,2022-07-16,Williams Lake Vulcans
Toronto Penguins,2022-07-17,Vancouver Islanders
Vancouver Islanders,2022-07-17,Toronto Penguins
Vancouver Buccaneers,2022-07-18,Markham Rebels
Cold Huskies,2022-07-18,Halifax Oland Vikings
Rolling Stones,2022-07-19,Super Atlantics
Calgary Cubs,2022-07-19,Vancouver Fury
Vancouver Fury,2022-07-19,Calgary Cubs
Super Atlantics,2022-07-19,Rolling Stones
Ice Huskies,2022-07-20,Ottawa Kiltys
Super Lords,2022-07-20,Curlers Terriers
Ottawa Kiltys,2022-07-20,Ice Huskies
Curlers Terriers,2022-07-20,Super Lords
Toronto Penguins,2022-07-20,Toronto Wild
Vancouver Fury,2022-07-21,Thunder Bay Dogs
Toronto Rockets,2022-07-23,Prince Albert Marrs
Toronto Eagles,2022-07-23,Canmore Rats
Vancouver Fury,2022-07-24,Toronto Eagles
Toronto Eagles,2022-07-24,Vancouver Fury
Ice Unicorns,2022-07-25,Villanova Terriers
Ice Cougars,2022-07-27,Pembroke Lumber Express
Broom Mets,2022-07-29,Saskatoon Rams
Toronto Eagles,2022-07-30,Cold Colts
Cold Colts,2022-07-30,Toronto Eagles
Calgary Rockets,2022-08-01,Ottawa Victorias
Ottawa Victorias,2022-08-01,Calgary Rockets
Broom Hawks,2022-08-02,Pembroke Lumber Bears
Calgary Cougars,2022-08-03,Montreal Bruins
Stone Mariners,2022-08-03,Peterborough Bearcats
Montreal Bruins,2022-08-03,Calgary Cougars
Calgary Bruins,2022-08-04,Fort Garry Eagles
Vancouver Islanders,2022-08-04,Thunder Bay Thunder
Stone Mariners,2022-08-04,Broom Mets
Ottawa Kiltys,2022-08-04,Toronto Olympics
Toronto Olympics,2022-08-04,Ottawa Kiltys
Broom Mets,2022-08-04,Stone Mariners
Cold Chinooks,2022-08-05,Aurora Chiefs
Cold Islanders,2022-08-06,La Salle Eagles
Broom Mets,2022-08-06,Battleford Greys
Ottawa Victorias,2022-08-07,Melfort Bruins
Montreal Raiders,2022-08-09,Vancouver Fury
Vancouver Fury,2022-08-09,Montreal Raiders
Cold Islanders,2022-08-10,Toronto 73's
Super Atlantics,2022-08-10,Dartmouth Crunch
Calgary Metros,2022-08-11,Markham Rebels
Stone Mariners,2022-08-11,Ajax Sports
Montreal Bruins,2022-08-11,Toronto Eagles
Toronto Eagles,2022-08-11,Montreal Bruins
Toronto Penguins,2022-08-12,Thunder Bay Thunderbirds
Stone Timberwolves,2022-08-13,Williams Lake Vulcans
Ice Huskies,2022-08-14,Williams Lake Vulcans
Super Lords,2022-08-14,Penticton Chiefs
Vancouver Fury,2022-08-16,Montreal Raiders
Toronto Rockets,2022-08-16,Broom Hawks
Broom Hawks,2022-08-16,Toronto Rockets
Rolling Stones,2022-08-16,Hamilton Tigers
Montreal Raiders,2022-08-16,Vancouver Fury
Ice Dodgers,2022-08-18,Brandon Warriors
Broom Hawks,2022-08-18,Ste. Agathe Flyers
Super Atlantics,2022-08-20,Villanova Terriers
Super Salsa,2022-08-20,Williams Lake Warriors
Calgary Metros,2022-08-20,Vernon Crystals
Toronto Eagles,2022-08-21,Moncton Legionaires
Ice Huskies,2022-08-21,Wexford Beehives
Super Atlantics,2022-08-21,Hamilton Tigers
Stone Mariners,2022-08-21,Ajax Sports
Ice Sabres,2022-08-23,Thunder Bay Flames
Super Salsa,2022-08-23,Ajax Sports
Montreal Bruins,2022-08-24,Windsor Royals
Ice Bulls,2022-08-25,Vancouver Fury
Vancouver Fury,2022-08-25,Ice Bulls
Toronto Olympics,2022-08-28,Battleford Greys
Vancouver Buccaneers,2022-08-31,Cape Breton Rustlers
Toronto Olympics,2022-08-31,Williams Lake Warriors
Toronto Eagles,2022-09-01,Calgary Rockets
Calgary Rockets,2022-09-01,Toronto Eagles
Ottawa Victorias,2022-09-05,Steinbach Oilers
Calgary Cougars,2022-09-07,Windsor Royals
Calgary Rockets,2022-09-08,Moncton Legionaires
Stone Mariners,2022-09-08,Ottawa Kiltys
Ottawa Kiltys,2022-09-08,Stone Mariners
Montreal Raiders,2022-09-10,Nickel Centre Terriers
Ice Dodgers,2022-09-11,Williams Lake Vulcans
Super Lords,2022-09-13,Rosemont Bears
Cold Travelways,2022-09-13,Sudbury Jets
Vancouver Islanders,2022-09-14,Peterborough Jr. Patriots
Baby Broomers,2022-09-14,Vernon Crystals
Stone Timberwolves,2022-09-14,Sidney Terriers
Baby Broomers,2022-09-15,Dartmouth Crunch
Ottawa Kiltys,2022-09-15,Port-aux-Basques Buccaneers
Curlers Terriers,2022-09-16,Super Lords
Super Lords,2022-09-16,Curlers Terriers
Stone Mariners,2022-09-18,Ice Dodgers
Baby Broomers,2022-09-18,North York Capitals
Game of Stones,2022-09-18,Kindersley Warriors
Ice Dodgers,2022-09-18,Stone Mariners
Super Atlantics,2022-09-20,Riverview Elites
Vancouver Islanders,2022-09-20,Toronto Penguins
Ice Unicorns,2022-09-20,Vancouver Buccaneers
Vancouver Buccaneers,2022-09-20,Ice Unicorns
Toronto Penguins,2022-09-20,Vancouver Islanders
Vancouver Buccaneers,2022-09-21,Aurora Chiefs
Calgary Fleur-de-Lys,2022-09-22,Calgary Rockets
Cold Chinooks,2022-09-22,Ice Unicorns
Calgary Rockets,2022-09-22,Calgary Fleur-de-Lys
Ice Unicorns,2022-09-22,Cold Chinooks
Montreal Bruins,2022-09-23,Calgary Cougars
Game of Stones,2022-09-23,Vancouver Islanders
Calgary Cougars,2022-09-23,Montreal Bruins
Curlers Terriers,2022-09-23,Ste. Agathe Flyers
Vancouver Islanders,2022-09-23,Game of Stones
Montreal Vipers,2022-09-24,Toronto Rockets
Ice Unicorns,2022-09-24,Hamilton Tigers
Toronto Penguins,2022-09-24,Toronto Wild
Ice Dodgers,2022-09-24,Ottawa Kiltys
Ottawa Kiltys,2022-09-24,Ice Dodgers
Toronto Rockets,2022-09-24,Montreal Vipers
Game of Stones,2022-09-25,Ice Cougars
Ice Cougars,2022-09-25,Game of Stones
Stone Mariners,2022-09-26,Ajax Sports
Super Atlantics,2022-09-26,Laval Rousseau 77's
Super Lords,2022-09-27,Aurora Canadians
Curlers Terriers,2022-09-28,Montreal Vipers
Montreal Vipers,2022-09-28,Curlers Terriers
Ice Sabres,2022-09-29,Halifax Oland Vikings
Cold Colts,2022-09-29,Ottawa Victorias
Montreal Bruins,2022-09-29,Vancouver Jr. Terriers
Ottawa Victorias,2022-09-29,Cold Colts
Rolling Stones,2022-09-30,Cape Breton Rustlers
Ice Huskies,2022-10-01,Thunder Bay Panthers
Super Salsa,2022-10-03,Thunder Bay Panthers
Vancouver Fury,2022-10-03,Melfort Bruins
Vancouver Fury,2022-10-05,Calgary Cougars
Calgary Cougars,2022-10-05,Vancouver Fury
Broom Mets,2022-10-05,Super Salsa
Super Salsa,2022-10-05,Broom Mets
Montreal Braves,2022-10-06,Thetford Mines Blizzard
Ice Unicorns,2022-10-09,Markham Rebels
Montreal Bruins,2022-10-13,Canmore Rats
Montreal Lasers,2022-10-14,Baby Broomers
Calgary Rockets,2022-10-14,Ice Bulls
Ice Bulls,2022-10-14,Calgary Rockets
Cold Huskies,2022-10-14,Thunder Bay Flames
Baby Broomers,2022-10-14,Montreal Lasers
Ottawa Kiltys,2022-10-17,Peterborough Bearcats
Ottawa Kiltys,2022-10-17,Winnipeg Beehives
Broom Mets,2022-10-18,Sherwood Park Grads
Calgary Rockets,2022-10-20,Calgary Fleur-de-Lys
Calgary Fleur-de-Lys,2022-10-20,Calgary Rockets
Calgary Cubs,2022-10-21,Cold Colts
Cold Colts,2022-10-21,Calgary Cubs
Calgary Cougars,2022-10-23,Melfort Bruins
Ice Unicorns,2022-10-24,Thunder Bay Eaters
Ice Dodgers,2022-10-25,Toronto Olympics
Toronto Olympics,2022-10-25,Ice Dodgers
Calgary Metros,2022-10-26,Rolling Stones
Rolling Stones,2022-10-26,Calgary Metros
Calgary Rockets,2022-10-26,Yorkton Indians
Calgary Fleur-de-Lys,2022-10-27,Cold Travelways
Cold Travelways,2022-10-27,Calgary Fleur-de-Lys
Calgary Metros,2022-10-27,South Surrey Canadians
Ice Huskies,2022-10-28,Langley Hawks
Super Lords,2022-10-29,Ste. Agathe Flyers
Calgary Cougars,2022-10-31,Calgary Fleur-de-Lys
Calgary Fleur-de-Lys,2022-10-31,Calgary Cougars
Super Atlantics,2022-10-31,Mississauga Cougars
Calgary Fleur-de-Lys,2022-10-31,Vancouver Jr. Terriers
Calgary Cubs,2022-11-01,Thunder Bay Dogs
Baby Broomers,2022-11-01,Thunder Bay Eaters
Super Lords,2022-11-01,Toronto Rockets
Broom Mets,2022-11-01,Sidney Terriers
Toronto Rockets,2022-11-01,Super Lords
Broom Hawks,2022-11-02,Cape Breton Spartans
Vancouver Islanders,2022-11-04,Thunder Bay Thunder
Broom Mets,2022-11-04,Williams Lake Vulcans
Vancouver Fury,2022-11-05,Montreal Raiders
Montreal Raiders,2022-11-05,Vancouver Fury
Ice Cougars,2022-11-06,Dartmouth Oland Thunderbirds
Vancouver Buccaneers,2022-11-06,Calgary Metros
Calgary Metros,2022-11-06,Vancouver Buccaneers
Toronto Olympics,2022-11-08,Southeast Nationals
Ottawa Kiltys,2022-11-08,Cape Breton Lumberjacks
Rolling Stones,2022-11-11,Thunder Bay Eaters
Toronto Rockets,2022-11-11,Cape Breton Spartans
Montreal Raiders,2022-11-11,Windsor Royals
Toronto Rockets,2022-11-12,Rosemont Bears
Curlers Terriers,2022-11-14,Montreal Vipers
Montreal Vipers,2022-11-14,Curlers Terriers
Toronto Olympics,2022-11-15,Halifax Oland Centennials
Vancouver Fury,2022-11-15,Thunder Bay Dogs
Calgary Fleur-de-Lys,2022-11-16,Vancouver Fury
Ice Huskies,2022-11-16,Stone Timberwolves
Vancouver Fury,2022-11-16,Calgary Fleur-de-Lys
Stone Timberwolves,2022-11-16,Ice Huskies
Ice Cougars,2022-11-17,Pembroke Lumber Express
Stone Mariners,2022-11-18,Ice Dodgers
Ice Dodgers,2022-11-18,Stone Mariners
Calgary Fleur-de-Lys,2022-11-20,Chateauguay Canucks
Cold Chinooks,2022-11-21,Villanova Terriers
Vancouver Buccaneers,2022-11-21,Cape Breton Rustlers
Broom Mets,2022-11-22,Espanola Screaming Crystals
Ice Cougars,2022-11-23,Game of Stones
Game of Stones,2022-11-23,Ice Cougars
Curlers Terriers,2022-11-23,Edmonton Maple Predators
Super Salsa,2022-11-24,Williams Lake Warriors
Cold Chinooks,2022-11-25,Calgary Metros
Calgary Metros,2022-11-25,Cold Chinooks
Ice Bulls,2022-11-27,Vancouver Fury
Vancouver Fury,2022-11-27,Ice Bulls
Toronto Eagles,2022-11-27,Ottawa Victorias
Ottawa Victorias,2022-11-27,Toronto Eagles
Super Lords,2022-11-28,Port Hope Islanders
Baby Broomers,2022-11-28,Toronto 73's
Cold Colts,2022-11-28,Sudbury Jets
Montreal Bruins,2022-11-29,Vancouver Jr. Terriers
Ice Cougars,2022-12-01,Halifax Flames
Ice Dodgers,2022-12-01,Thunder Bay Panthers
Cold Chinooks,2022-12-01,Vancouver Buccaneers
Vancouver Buccaneers,2022-12-01,Cold Chinooks
Montreal Bruins,2022-12-02,Calgary Fleur-de-Lys
Calgary Fleur-de-Lys,2022-12-02,Montreal Bruins
Super Salsa,2022-12-04,Ajax Sports
Toronto Penguins,2022-12-04,Halifax A's
Rolling Stones,2022-12-05,Vancouver Canadiens
Cold Islanders,2022-12-06,Villanova Terriers
Montreal Vipers,2022-12-06,Curlers Terriers
Cold Colts,2022-12-06,Sudbury Jets
Ice Huskies,2022-12-06,Winnipeg Beehives
Curlers Terriers,2022-12-06,Montreal Vipers
Ottawa Greys,2022-12-07,Oswego Cougars
Stone Timberwolves,2022-12-07,Southeast Nationals
Ice Dodgers,2022-12-08,Ice Huskies
Ice Huskies,2022-12-08,Ice Dodgers
Ice Bulls,2022-12-09,Toronto Eagles
Broom Mets,2022-12-09,Wexford Beehives
Toronto Eagles,2022-12-09,Ice Bulls
Stone Mariners,2022-12-11,Ajax Sports
Toronto Olympics,2022-12-13,Thunder Bay Panthers
Super Lords,2022-12-13,Cape Breton Spartans
Vancouver Fury,2022-12-13,Toronto Eagles
Toronto Eagles,2022-12-13,Vancouver Fury
Cold Islanders,2022-12-14,Thunder Bay Eaters
Calgary Fleur-de-Lys,2022-12-15,Calgary Cougars
Ice Dodgers,2022-12-15,Stone Mariners
Calgary Fleur-de-Lys,2022-12-15,Bellingham Travelways
Calgary Cougars,2022-12-15,Calgary Fleur-de-Lys
Stone Mariners,2022-12-15,Ice Dodgers
Cold Chinooks,2022-12-15,Laval Rousseau 77's
Ice Cougars,2022-12-16,Kanata Valley Vipers
Super Atlantics,2022-12-16,Thunder Bay Eaters
Toronto Rockets,2022-12-17,Ste. Agathe Flyers
Ottawa Kiltys,2022-12-17,Broom Mets
Broom Mets,2022-12-17,Ottawa Kiltys
Ottawa Victorias,2022-12-20,Thunder Bay Dogs
Montreal Bruins,2022-12-21,Sudbury Jets
Broom Mets,2022-12-21,Southeast Nationals
Montreal Lasers,2022-12-21,Cape Breton Rustlers
Vancouver Fury,2022-12-22,Calgary Rockets
Broom Hawks,2022-12-22,Cape Breton Spartans
Calgary Rockets,2022-12-22,Vancouver Fury
Toronto Olympics,2022-12-23,Halifax Oland Centennials
Cold Islanders,2022-12-24,Rolling Stones
Rolling Stones,2022-12-24,Cold Islanders
Rolling Stones,2022-12-24,Laval Rousseau 77's
Baby Broomers,2022-12-25,Super Atlantics
Super Atlantics,2022-12-25,Baby Broomers
Calgary Bruins,2022-12-26,Brockville Spirit
Stone Mariners,2022-12-27,Ice Dodgers
Ice Dodgers,2022-12-27,Stone Mariners
Ottawa Victorias,2022-12-28,Victoria Thunder
Toronto Eagles,2022-12-30,Cold Travelways
Broom Mets,2022-12-30,Stone Mariners
Ice Huskies,2022-12-30,Lanark Festivals
Cold Travelways,2022-12-30,Toronto Eagles
Stone Mariners,2022-12-30,Broom Mets
Stone Mariners,2022-12-31,Ottawa Greys
Ottawa Greys,2022-12-31,Stone Mariners
Super Salsa,2023-01-01,New Waterford Pack
Super Atlantics,2023-01-02,North York Capitals
Montreal Raiders,2023-01-02,Vancouver Fury
Vancouver Fury,2023-01-02,Montreal Raiders
Ice Unicorns,2023-01-03,Temiscaming Hawks
Ottawa Victorias,2023-01-03,Windsor Royals
Calgary Metros,2023-01-06,Ice Unicorns
Ice Unicorns,2023-01-06,Calgary Metros
Cold Islanders,2023-01-07,Rolling Stones
Toronto Olympics,2023-01-07,Lanark Festivals
Ice Dodgers,2023-01-07,Saskatoon Rams
Rolling Stones,2023-01-07,Cold Islanders
Montreal Bruins,2023-01-09,Vancouver Fury
Vancouver Fury,2023-01-09,Montreal Bruins
Toronto Eagles,2023-01-10,Nickel Centre Terriers
Super Lords,2023-01-11,Thetford Mines Blizzard
Calgary Fleur-de-Lys,2023-01-12,Calgary Cougars
Calgary Cougars,2023-01-12,Calgary Fleur-de-Lys
Calgary Cougars,2023-01-14,Whitby Lakers
Game of Stones,2023-01-14,Peterborough Jr. Patriots
Broom Hawks,2023-01-17,Toronto Rockets
Cold Chinooks,2023-01-17,Laval Rousseau 77's
Toronto Rockets,2023-01-17,Broom Hawks
Cold Islanders,2023-01-18,Villanova Terriers
Broom Hawks,2023-01-19,Super Lords
Super Lords,2023-01-19,Broom Hawks
Vancouver Fury,2023-01-21,Montreal Bruins
Curlers Terriers,2023-01-21,Toronto Rockets
Montreal Bruins,2023-01-21,Vancouver Fury
Toronto Rockets,2023-01-21,Curlers Terriers
Calgary Cubs,2023-01-21,Cold Travelways
Cold Travelways,2023-01-21,Calgary Cubs
Calgary Fleur-de-Lys,2023-01-22,Toronto Eagles
Rolling Stones,2023-01-22,Toronto 73's
Stone Timberwolves,2023-01-22,Saskatoon Rams
Toronto Eagles,2023-01-22,Calgary Fleur-de-Lys
Toronto Rockets,2023-01-23,Port Hope Islanders
Broom Hawks,2023-01-23,Penticton Chiefs
Calgary Cougars,2023-01-24,Thunder Bay Dogs
Baby Broomers,2023-01-24,Vancouver Flyers
Calgary Cubs,2023-01-25,Chateauguay Canucks
Vancouver Fury,2023-01-25,Canmore Rats
Ottawa Victorias,2023-01-26,Canmore Rats
Super Salsa,2023-01-27,Ice Huskies
Ice Huskies,2023-01-27,Super Salsa
Ice Cougars,2023-01-28,Dartmouth Oland Thunderbirds
Super Salsa,2023-01-28,Wexford Beehives
Ice Huskies,2023-01-29,Espanola Screaming Crystals
Montreal Vipers,2023-01-29,Niagara Falls Filons
Calgary Cubs,2023-01-29,Ottawa Victorias
Rolling Stones,2023-01-29,Riverview Elites
Ottawa Victorias,2023-01-29,Calgary Cubs
Super Atlantics,2023-01-30,Mississauga Cougars
Ottawa Victorias,2023-01-30,Vancouver Fury
Vancouver Fury,2023-01-30,Ottawa Victorias
Ice Dodgers,2023-01-30,New Waterford Pack
Calgary Fleur-de-Lys,2023-01-31,Ottawa Victorias
Ice Sabres,2023-01-31,Calgary Marauders
Ottawa Victorias,2023-01-31,Calgary Fleur-de-Lys
Calgary Cougars,2023-01-31,Sudbury Jets
Montreal Braves,2023-02-01,Penticton Chiefs
Toronto Eagles,2023-02-03,Yorkton Indians
Broom Hawks,2023-02-04,Montreal Braves
Montreal Braves,2023-02-04,Broom Hawks
Ice Unicorns,2023-02-04,Super Atlantics
Super Atlantics,2023-02-04,Ice Unicorns
Curlers Terriers,2023-02-06,Rosemont Bears
Baby Broomers,2023-02-09,South Surrey Canadians
Baby Broomers,2023-02-09,Vancouver Flyers
Montreal Braves,2023-02-10,Broom Hawks
Broom Hawks,2023-02-10,Montreal Braves
Ice Unicorns,2023-02-12,Cape Breton Rustlers
Cold Travelways,2023-02-12,Ice Bulls
Ice Bulls,2023-02-12,Cold Travelways
Toronto Rockets,2023-02-13,Super Lords
Ice Sabres,2023-02-13,Iron Range Penguins
Super Lords,2023-02-13,Toronto Rockets
Cold Chinooks,2023-02-13,Mississauga Cougars
Montreal Braves,2023-02-13,Rosemont Bears
Super Atlantics,2023-02-15,Dartmouth Crunch
Stone Mariners,2023-02-15,Vernon Bears
Montreal Bruins,2023-02-15,Canmore Rats
Ice Dodgers,2023-02-16,Brandon Warriors
Montreal Raiders,2023-02-18,Ottawa Victorias
Cold Colts,2023-02-18,Montreal Raiders
Baby Broomers,2023-02-18,Riverview Elites
Montreal Raiders,2023-02-18,Cold Colts
Ottawa Victorias,2023-02-18,Montreal Raiders
Calgary Cougars,2023-02-19,Steinbach Oilers
Super Salsa,2023-02-19,Ice Huskies
Ice Huskies,2023-02-19,Super Salsa
Curlers Terriers,2023-02-21,Ste. Agathe Flyers
Ice Huskies,2023-02-22,Lanark Festivals
Toronto Olympics,2023-02-22,Southeast Nationals
Super Lords,2023-02-22,Thunder Bay Patriots
Stone Mariners,2023-02-23,Vernon Bears
Stone Timberwolves,2023-02-24,Broom Mets
Cold Chinooks,2023-02-24,Vancouver Canadiens
Broom Mets,2023-02-24,Stone Timberwolves
Vancouver Islanders,2023-03-01,Kanata Valley Vipers
Stone Mariners,2023-03-01,Super Salsa
Super Salsa,2023-03-01,Stone Mariners
Cold Huskies,2023-03-01,New Westminster Thunder
Montreal Braves,2023-03-02,Pembroke Lumber Bears
Curlers Terriers,2023-03-02,Super Lords
Super Lords,2023-03-02,Curlers Terriers
Ice Huskies,2023-03-03,Brandon Warriors
Baby Broomers,2023-03-03,Aurora Chiefs
Calgary Cubs,2023-03-06,Calgary Rockets
Calgary Rockets,2023-03-06,Calgary Cubs
Super Atlantics,2023-03-07,Markham Rebels
Super Atlantics,2023-03-07,Vancouver Canadiens
Toronto Eagles,2023-03-07,Vancouver Fury
Vancouver Fury,2023-03-07,Toronto Eagles
Cold Colts,2023-03-08,Yorkton Indians
Cold Colts,2023-03-10,Montreal Raiders
Montreal Raiders,2023-03-10,Cold Colts
Cold Colts,2023-03-11,Calgary Cougars
Calgary Cougars,2023-03-11,Cold Colts
Cold Chinooks,2023-03-12,Baby Broomers
Montreal Bruins,2023-03-12,Vancouver Fury
Vancouver Fury,2023-03-12,Montreal Bruins
Baby Broomers,2023-03-12,Cold Chinooks
Super Lords,2023-03-13,Rosemont Bears
Ottawa Victorias,2023-03-15,Melfort Bruins
Cold Islanders,2023-03-15,Thunder Bay Eaters
Cold Chinooks,2023-03-16,Toronto 73's
Montreal Raiders,2023-03-16,Calgary Cougars
Toronto Rockets,2023-03-16,Super Lords
Ottawa Victorias,2023-03-16,Vancouver Fury
Ice Dodgers,2023-03-16,Espanola Screaming Crystals
Super Lords,2023-03-16,Toronto Rockets
Calgary Cougars,2023-03-16,Montreal Raiders
Vancouver Fury,2023-03-16,Ottawa Victorias
Toronto Penguins,2023-03-18,Halifax Flames
Toronto Olympics,2023-03-19,Battleford Greys
Vancouver Islanders,2023-03-19,Richmond Hill Tondas
Toronto Eagles,2023-03-21,Cold Colts
Cold Colts,2023-03-21,Toronto Eagles
Broom Mets,2023-03-21,Thunder Bay Panthers
Vancouver Buccaneers,2023-03-22,Aurora Chiefs
Toronto Rockets,2023-03-23,Niagara Falls Filons
Cold Travelways,2023-03-23,Victoria Thunder
Broom Hawks,2023-03-24,Edmonton Maple Predators
Ice Cougars,2023-03-25,Halifax A's
Toronto Olympics,2023-03-25,Ottawa Kiltys
Ottawa Kiltys,2023-03-25,Toronto Olympics
Vancouver Fury,2023-03-26,Ottawa Victorias
Super Lords,2023-03-26,Cape Breton Spartans
Ottawa Victorias,2023-03-26,Vancouver Fury
Cold Huskies,2023-03-30,Markham Rockets
Toronto Rockets,2023-03-30,Cape Breton Spartans
Baby Broomers,2023-04-01,Laval Rousseau 77's
Toronto Penguins,2023-04-01,Thornhill Caribous
Game of Stones,2023-04-01,Dartmouth Oland Thunderbirds
Calgary Cougars,2023-04-02,Calgary Cubs
Ice Unicorns,2023-04-02,Thunder Bay Eaters
Calgary Cubs,2023-04-02,Calgary Cougars
Super Salsa,2023-04-02,Oswego Cougars
Ottawa Greys,2023-04-02,Lanark Festivals
Calgary Cubs,2023-04-04,Montreal Bruins
Montreal Bruins,2023-04-04,Calgary Cubs
Curlers Terriers,2023-04-04,Montreal Braves
Montreal Braves,2023-04-04,Curlers Terriers
Toronto Penguins,2023-04-05,Elliot Lake Wings
Cold Islanders,2023-04-06,Baby Broomers
Baby Broomers,2023-04-06,Cold Islanders
Calgary Cubs,2023-04-07,Cold Colts
Cold Colts,2023-04-07,Calgary Cubs
Baby Broomers,2023-04-07,Markham Rebels
Super Lords,2023-04-11,Broom Hawks
Calgary Rockets,2023-04-11,Victoria Thunder
Ice Dodgers,2023-04-11,Brandon Warriors
Ottawa Kiltys,2023-04-11,Sidney Terriers
Broom Hawks,2023-04-11,Super Lords
Ice Huskies,2023-04-12,Ottawa Greys
Ottawa Greys,2023-04-12,Ice Huskies
Calgary Cougars,2023-04-13,Windsor Royals
Cold Islanders,2023-04-13,Ottawa Crunch
Calgary Fleur-de-Lys,2023-04-14,Calgary Cubs
Calgary Cubs,2023-04-14,Calgary Fleur-de-Lys
Toronto Penguins,2023-04-15,Thornhill Caribous
Calgary Rockets,2023-04-15,Whitby Lakers
Cold Travelways,2023-04-17,Ice Bulls
Ice Bulls,2023-04-17,Cold Travelways
Ice Cougars,2023-04-19,Elliot Lake Wings
Super Salsa,2023-04-19,Sherwood Park Grads
Baby Broomers,2023-04-19,Temiscaming Hawks
Calgary Fleur-de-Lys,2023-04-19,Vancouver Fury
Vancouver Fury,2023-04-19,Calgary Fleur-de-Lys
Ottawa Greys,2023-04-20,Port-aux-Basques Buccaneers
Vancouver Fury,2023-04-20,Ottawa Victorias
Ottawa Victorias,2023-04-20,Vancouver Fury
Cold Colts,2023-04-21,Melfort Bruins
Toronto Rockets,2023-04-22,Montreal Vipers
Montreal Vipers,2023-04-22,Toronto Rockets
Toronto Olympics,2023-04-23,North Sydney Spitfires
Super Lords,2023-04-23,Cape Breton Spartans
Calgary Metros,2023-04-23,Vernon Crystals
Ottawa Kiltys,2023-04-24,Oswego Cougars
Vancouver Fury,2023-04-26,Sidney Eagles
Montreal Bruins,2023-04-27,Windsor Royals
Ice Huskies,2023-04-27,Brandon Warriors
Calgary Cougars,2023-04-28,Melfort Bruins
Montreal Lasers,2023-04-29,Toronto 73's
Toronto Penguins,2023-04-30,Kanata Valley Vipers
Calgary Fleur-de-Lys,2023-04-30,Ottawa Victorias
Ottawa Victorias,2023-04-30,Calgary Fleur-de-Lys
Calgary Fleur-de-Lys,2023-05-01,Bellingham Travelways
Ottawa Victorias,2023-05-01,Ice Bulls
Ice Bulls,2023-05-01,Ottawa Victorias
Ice Cougars,2023-05-03,Elliot Lake Wings
Game of Stones,2023-05-04,Richmond Hill Tondas
Calgary Fleur-de-Lys,2023-05-05,Cold Travelways
Cold Travelways,2023-05-05,Calgary Fleur-de-Lys
Montreal Braves,2023-05-06,Broom Hawks
Calgary Bruins,2023-05-06,Thunder Bay Flames
Broom Hawks,2023-05-06,Montreal Braves
Toronto Eagles,2023-05-07,Chateauguay Canucks
Ottawa Kiltys,2023-05-08,Peterborough Bearcats
Curlers Terriers,2023-05-09,Penticton Chiefs
Calgary Metros,2023-05-10,Temiscaming Hawks
Calgary Cubs,2023-05-10,Sidney Eagles
Broom Mets,2023-05-11,Sherwood Park Grads
Super Lords,2023-05-12,Montreal Vipers
Montreal Vipers,2023-05-12,Super Lords
Ice Cougars,2023-05-12,Thornhill Caribous
Toronto Rockets,2023-05-12,Rosemont Bears
Ice Dodgers,2023-05-12,Sherwood Park Grads
Calgary Cougars,2023-05-13,Calgary Fleur-de-Lys
Ottawa Kiltys,2023-05-13,Williams Lake Vulcans
Vancouver Buccaneers,2023-05-13,Laval Rousseau 77's
Curlers Terriers,2023-05-13,Pembroke Lumber Bears
Calgary Fleur-de-Lys,2023-05-13,Calgary Cougars
Cold Islanders,2023-05-14,Ice Unicorns
Ice Unicorns,2023-05-14,Cold Islanders
Toronto Rockets,2023-05-18,Super Lords
Super Lords,2023-05-18,Toronto Rockets
Baby Broomers,2023-05-21,La Salle Eagles
Toronto Penguins,2023-05-22,Pierrefonds Canadians
Cold Travelways,2023-05-22,Calgary Fleur-de-Lys
Calgary Fleur-de-Lys,2023-05-22,Cold Travelways
Super Salsa,2023-05-22,Williams Lake Warriors
Toronto Olympics,2023-05-23,Ice Dodgers
Ice Dodgers,2023-05-23,Toronto Olympics
Ottawa Kiltys,2023-05-24,New Waterford Pack
Ice Cougars,2023-05-24,Richmond Hill Tondas
Calgary Fleur-de-Lys,2023-05-24,Vancouver Fury
Vancouver Fury,2023-05-24,Calgary Fleur-de-Lys
Super Atlantics,2023-05-25,Ice Unicorns
Ice Unicorns,2023-05-25,Super Atlantics
Ice Huskies,2023-05-25,Brandon Warriors
Ottawa Kiltys,2023-05-26,Ice Huskies
Ice Huskies,2023-05-26,Ottawa Kiltys
Cold Islanders,2023-05-27,Vernon Crystals
Calgary Fleur-de-Lys,2023-05-28,Vancouver Fury
Vancouver Fury,2023-05-28,Calgary Fleur-de-Lys
Ice Huskies,2023-05-29,Winnipeg Beehives
Ottawa Kiltys,2023-05-30,Toronto Olympics
Toronto Penguins,2023-05-30,Bancroft Waxers
Calgary Metros,2023-05-30,Mississauga Cougars
Toronto Olympics,2023-05-30,Ottawa Kiltys
Ottawa Victorias,2023-05-30,Vancouver Jr. Terriers
