gender,name
M,Sufyan
F,Elysia
F,Aleksandra
M,Hussain
F,Ina
M,Burhanuddin
M,Randhir
M,Kace
M,Liban
M,Adonai
M,Zohaib
M,Edsel
F,Meryem
M,Eric
F,Rachel
F,Adeline
F,Chyna
F,Hajira
M,Maks
F,Anick
F,Zoie
M,Alexandro
M,Reno
F,Abigail
F,Dina
F,Allyson
M,Finnegan
M,Kamran
F,Laiba
M,Calen
F,Sharri
F,Gabriela
M,Karter
M,Aaden
M,Will
M,Graham
M,Thierry
F,Irina
M,Nolen
F,Rania
F,Mithra
M,Baby-boy
F,Aline
F,Becca
M,Stavros
M,Verner
M,Emile
M,Werner
M,Tal
M,Hiram
M,Issa
F,Carrol
M,Avrohom
F,Hamda
M,Jean-philippe
F,Charlize
M,Wray
F,Jaylene
F,Holly
F,Mahika
M,Olivier
M,Zacharia
M,Elwood
M,Mark-anthony
F,Aaradhya
M,Stefan
F,Sathana
M,Akhil
F,Meta
F,Anik
M,Owyn
M,Juliano
M,Esa
M,Yitzchak
F,Minna
F,Sonya
F,Kelsie
F,Kaidance
M,Kevon
M,Zaeem
M,Eesa
F,Female
M,Franklyn
M,Maximo
F,Kaylie
M,Colin
F,Gidget
M,Imre
M,Zackariah
F,Abigael
M,Fisher
M,Israel
F,Patsy
F,Collins
F,Surina
F,Brigette
F,Cindy-lee
F,Antonina
M,Shayaan
M,Mikaeel
F,Humaira
F,Lucille
M,Arshaan
M,Destin
M,Braxton
M,Denzel
F,Preet
F,Lorella
M,Tafari
F,Aleyna
F,Sara
M,Aariv
F,Cloey
F,Liliane
M,Emmitt
F,Jasveen
M,Leonel
M,Emilien
M,Orville
F,Meggan
F,Elysse
M,Aryaan
M,Kendrick
M,Alexandre
F,Kalene
M,Kallum
F,Charlotte
F,Ruthann
F,Celia
F,Carissa
F,Chana
F,Tiffanie
M,Tyrelle
M,Malachi
F,Aarna
F,Hester
F,Saanvi
M,Maclean
M,Henryk
M,Maksim
M,Frederik
M,Geoffery
M,Raja
F,Vittoria
M,Serge
F,Danyelle
F,Leeann
M,Willy
F,Goldie
F,Keerat
F,Tanika
M,Daylen
F,Emmersyn
M,Jakob
M,Earl
F,Braelynn
M,Josephe
M,Ashar
M,Marcelo
M,Denton
F,Stãphanie
M,Viaan
F,Betty
M,Gordon
F,Mikyla
F,Jayda
F,Nathalie
M,Zakariya
M,Abe
F,Elfriede
F,Anika
F,Gena
F,Antonia
F,Simra
M,Dawson
F,Abeer
F,Jocelyne
F,Roslyn
F,Mackayla
M,Pedram
M,Mateus
M,Arturo
M,Jean-sebastien
M,Dhyan
M,Lenord
M,Phillipe
F,Renãe
M,Azeem
F,Isabell
F,Leita
F,Najma
M,Bart
M,Craig
F,Margareth
F,Ryleigh
M,Broderick
M,Mervin
M,Tiberius
M,Abdurrahman
M,Petro
M,Donavan
F,Alexus
F,Annunziata
M,Jakub
M,Konnor
M,Jolyon
F,Miia
F,Ayana
M,Faran
F,Sierra
F,Pierina
F,Razan
M,Reinhard
F,Ksenia
F,Kaida
F,Tishana
M,Kyriakos
M,Johan
M,Norris
M,Yanick
M,Jarret
F,Alexa
M,Theodoros
F,Ariane
M,Mario
M,Abdulahi
M,Dwayne
M,Nilton
F,Micaela
F,Aliah
F,Audra
M,Slater
M,Tevin
F,Mariann
M,Shivansh
M,Colton
F,Marrianne
M,Willia
F,Niki
M,Timur
F,Andriana
M,Hasan
F,Monika
M,Christopher
M,Sanford
M,Callahan
M,Aime
M,Bryden
M,Osama
F,Tiziana
M,Carlos
F,Delma
F,Marijana
M,Edmund
M,Gael
F,Kaytlyn
M,Daryn
F,Anahita
M,Linkoln
F,Kristiana
M,Boy
F,Gina
F,Ruhi
M,Matheus
M,Fergus
F,Geertruida
M,Harmeet
F,Susie
M,Wladyslaw
F,Japnoor
F,Monia
F,Charleigh
F,Dua
M,Carmelo
M,Brandon-lee
M,Bohdan
F,Lu-ann
M,Braedon
M,Syed
M,Hanson
F,Francine
F,Adãle
F,Jiya
M,Rudolf
F,Annabel
M,Kasra
M,Izhaan
F,Adaline
M,Atley
F,Patience
M,Lazaros
M,Eduard
F,Mykayla
M,Aleks
F,Mercedez
M,Davin
M,Rogan
M,Toivo
M,Carl
M,Adil
M,Mordechai
F,Hargun
M,Nick
F,Leone
M,Arush
M,Joseph-jacques
M,Jamar
M,Mouhamed
M,Buddy
M,Alonso
F,Patricia-anne
F,Karys
M,Brady
M,Dorian
M,Neil
F,Kaley
F,Wendi
M,Manley
F,Glennis
M,Balraj
M,Azlaan
M,Vance
M,Kaito
M,Talen
F,Kathie
M,Arron
F,Aleshia
M,Ashten
F,Emilija
M,Nelson
M,Roger
M,Ilan
F,Brienne
F,Petrina
M,Jad
F,Orysia
F,Kristie
F,Ãlodie
M,Carsen
M,Jake
F,Carine
F,Gisele
F,Marie-josãe
M,Thomas
F,Journey
M,Piero
F,Ameena
M,Daxon
M,Neal
M,Eduardo
M,Maninder
F,Sidrah
M,Muhammad
F,Aditri
M,Glen
F,Evangelina
M,Kellen
M,Natnael
M,Joaquim
F,Denice
F,Katarzyna
F,Manha
M,Tamim
F,Leona
F,Kristene
F,Shilpa
M,Wm
F,Felisha
M,Pieter
F,Kalli
F,Petra
F,Erica
M,Theo
M,Sylvain
M,Nael
F,Domenica
M,Kruz
M,Khaled
M,Ankit
M,Fares
M,Sanad
F,Lorianne
F,Camila
F,Jacquelin
F,Anayat
F,Nathania
F,Ashlynn
M,Hendrick
M,Rahul
F,Maryjane
F,Avary
F,Inayah
M,Geroge
F,Karolina
M,Gurjas
F,Josie
M,Iain
F,Iman
F,Lori-lee
M,Chayce
M,Nasir
M,Nevada
M,Garrison
F,Kathryn
M,Jenson
M,Borna
F,Anvi
F,Ashlie
M,Oakland
M,Domenico
F,Kristy
M,Bjorn
F,Johnna
M,Beckham
M,Deion
F,Emilia
M,Piranavan
M,Jahaan
M,Melville
F,Pamela
F,Aida
F,Chastity
F,Carol-ann
F,Mallory
M,Jameson
F,Dora
F,Cecile
F,Shanique
M,Jaydon
F,Juli
M,Mirko
M,Colt
F,Larisa
M,Lucian
F,Sherri-ann
M,Advik
F,Giulia
M,Jameel
F,Nimrit
M,Hai
F,Ishani
M,Asim
M,Gino
F,Ioanna
M,Coulson
F,Marlyne
M,Zakai
F,Tesla
F,Wendolyn
M,Avir
M,Claus
M,Tiago
F,Cristina
F,Athina
F,Marsha
F,Alayna
M,Avrom
M,Isaac
M,Cale
F,Sharron
F,Emelia
M,Walid
M,Bowen
M,Gerardo
M,Marc-antoine
F,Blakeley
F,Jeannedarc
M,Augustus
M,Trevon
F,Guneet
F,Katerina
F,Marie-paule
F,Lareen
M,Muad
F,Ciana
M,Eason
M,Alejandro
M,Kwabena
F,Tamara
M,Kerem
M,Sherman
M,Josã
M,Ezio
F,Janel
F,Thivya
F,Kaliopi
M,Kieth
M,Arunan
F,Carmelina
F,Sofia
F,Hildred
F,Berkeley
M,Mateusz
F,Maryan
M,Rajiv
M,Maddex
F,Yusra
M,Eyal
F,Alayah
M,Shamar
M,Evin
M,Lewis
M,Andrey
M,Domingos
M,Bryon
F,Taisa
F,Serene
M,Kiyan
M,Moosa
F,Allana
M,Homer
M,Mahdi
F,Gretchen
M,Jaidan
F,Malena
M,Emmett
M,Armando
M,Darius
M,Belal
F,Raina
F,Tracy-ann
F,Shanice
F,Gemma
M,Husnain
F,Clemence
F,Mahnoor
F,Eila
M,Darnell
