id,name,last_name
0,SUFYAN,Long
1,ELYSIA,Lemieux
2,ALEKSANDRA,Le
3,HUSSAIN,Rouleau
4,INA,Chamberland
5,BURHANUDDIN,Reid
6,RANDHIR,Sharp
7,KACE,Wiebe
8,LIBAN,Taylor
9,ADONAI,Cousineau
10,ZOHAIB,Cantin
11,EDSEL,Green
12,MERYEM,Page
13,ERIC,Carson
14,RACHEL,ONeill
15,ADELINE,Larsen
16,CHYNA,Guillemette
17,HAJIRA,Ricard
18,MAKS,Barker
19,ANICK,Goodwin
20,ZOIE,Montgomery
21,ALEXANDRO,Guerin
22,RENO,Duchesne
23,ABIGAIL,Lambert
24,DINA,Wiens
25,ALLYSON,Milne
26,FINNEGAN,Mercer
27,KAMRAN,Gauthier
28,LAIBA,Baird
29,CALEN,Buchanan
30,SHARRI,King
31,GABRIELA,Stephens
32,KARTER,Arnold
33,AADEN,Robinson
34,WILL,Girard
35,GRAHAM,Legault
36,THIERRY,Donnelly
37,IRINA,Dufresne
38,NOLEN,Coates
39,RANIA,Faucher
40,MITHRA,Lachapelle
41,BABY-BOY,Carlson
42,ALINE,Corbeil
43,BECCA,Howe
44,STAVROS,Thiessen
45,VERNER,Myers
46,EMILE,Burton
47,WERNER,Robitaille
48,TAL,Ho
49,HIRAM,Bates
50,ISSA,Sharma
51,CARROL,Charles
52,AVROHOM,Chisholm
53,HAMDA,Dumas
54,JEAN-PHILIPPE,Mercer
55,CHARLIZE,Osborne
56,WRAY,Noel
57,JAYLENE,Hanna
58,HOLLY,Newton
59,MAHIKA,McFarlane
60,OLIVIER,Donovan
61,ZACHARIA,Donaldson
62,ELWOOD,Bowman
63,MARK-ANTHONY,Mah
64,AARADHYA,Labbe
65,STEFAN,Wang
66,SATHANA,Lo
67,AKHIL,Berube
68,MAHIKA,Gelinas
69,META,Beland
70,ANIK,Blair
71,OWYN,Soucy
72,JULIANO,Lord
73,ESA,Larouche
74,YITZCHAK,Trepanier
75,MINNA,Lussier
76,SONYA,Langevin
77,KELSIE,Gallant
78,KAIDANCE,Godbout
79,KEVON,Fisher
80,ZAEEM,Savard
81,EESA,Guay
82,FEMALE,Hewitt
83,FRANKLYN,Lamb
84,MAXIMO,Provost
85,KAYLIE,Barrett
86,COLIN,Gingras
87,GIDGET,Bishop
88,IMRE,Dubois
89,ZACKARIAH,Douglas
90,ABIGAEL,Poulin
91,FISHER,Aubin
92,ISRAEL,Chevalier
93,PATSY,Lucas
94,COLLINS,Dupuis
95,SURINA,Tanguay
96,BRIGETTE,Carter
97,CINDY-LEE,McLellan
98,ANTONINA,McBride
99,SHAYAAN,Berube
100,MIKAEEL,Newman
101,HUMAIRA,Sharpe
102,LUCILLE,Marsh
103,ARSHAAN,Pepin
104,DESTIN,Hynes
105,BRAXTON,Arseneault
106,DENZEL,Chin
107,PREET,Doiron
108,LORELLA,Dufour
109,TAFARI,Robert
110,ALEYNA,Sutherland
111,SARA,St-Laurent
112,AARIV,Walton
113,CLOEY,Lopez
114,LILIANE,Freeman
115,EMMITT,King
116,JASVEEN,Nielsen
117,LEONEL,Christensen
118,EMILIEN,Hiebert
119,ORVILLE,Plante
120,MEGGAN,Hillier
121,ELYSSE,Prevost
122,ARYAAN,Doucette
123,KENDRICK,Vaillancourt
124,ALEXANDRE,Barnes
125,KALENE,Han
126,KALLUM,Kay
127,CHARLOTTE,Gingras
128,RUTHANN,Banks
129,CELIA,Lamoureux
130,CARISSA,Gregory
131,CHANA,Lacasse
132,TIFFANIE,Lang
133,TYRELLE,Savard
134,MALACHI,Berger
135,AARNA,Gaudreau
136,HESTER,Newton
137,SAANVI,Beland
138,MACLEAN,Davis
139,HENRYK,Duguay
140,MAKSIM,Berry
141,FREDERIK,Adam
142,GEOFFERY,Chisholm
143,RAJA,Banks
144,VITTORIA,Dhaliwal
145,SERGE,Dennis
146,DANYELLE,Watt
147,LEEANN,Duval
148,WILLY,Ali
149,GOLDIE,Forget
150,KEERAT,Day
151,TANIKA,Tanguay
152,DAYLEN,Larsen
153,EMMERSYN,Joseph
154,JAKOB,Williamson
155,EARL,Tetreault
156,BRAELYNN,Beaton
157,JOSEPHE,McPherson
158,ASHAR,Bissonnette
159,MARCELO,Dion
160,DENTON,Belanger
161,STÃPHANIE,Webster
162,VIAAN,Gratton
163,BETTY,OConnor
164,GORDON,Klassen
165,MIKYLA,Bourgeois
166,JAYDA,Rivest
167,NATHALIE,Thibault
168,ZAKARIYA,Dion
169,ABE,Robinson
170,ELFRIEDE,Hansen
171,ANIKA,Guy
172,GENA,Vezina
173,ANTONIA,Schneider
174,SIMRA,Nielsen
175,CARROL,Maltais
176,DAWSON,Nixon
177,ABEER,Lemieux
178,JOCELYNE,Larouche
179,ROSLYN,Richer
180,MACKAYLA,Little
181,PEDRAM,Chapman
182,MATEUS,Barr
183,ARTURO,Fox
184,JEAN-SEBASTIEN,Penner
185,DHYAN,Fillion
186,LENORD,Wang
187,PHILLIPE,Dixon
188,RENÃE,Jackson
189,AZEEM,Davis
190,ISABELL,Lai
191,LEITA,Lam
192,NAJMA,Charlebois
193,BART,Boyer
194,CRAIG,McCarthy
195,MARGARETH,Booth
196,RYLEIGH,MacKinnon
197,BRODERICK,Beaton
198,MERVIN,Webb
199,TIBERIUS,Plante
200,ABDURRAHMAN,Huynh
201,PETRO,Lariviere
202,DONAVAN,Ross
203,ALEXUS,Goodwin
204,ANNUNZIATA,Sun
205,JAKUB,McMillan
206,KONNOR,Labrie
207,JOLYON,Savage
208,MIIA,Peters
209,AYANA,Rice
210,FARAN,Messier
211,SIERRA,Song
212,PIERINA,Liu
213,RAZAN,Lopez
214,REINHARD,Laliberte
215,KSENIA,Godin
216,KAIDA,Joly
217,TISHANA,Aubin
218,KYRIAKOS,Boudreault
219,JOHAN,Webb
220,NORRIS,Frechette
221,YANICK,Dhaliwal
222,JARRET,Fontaine
223,ALEXA,Wu
224,THEODOROS,Daniels
225,ARIANE,Poole
226,MARIO,Sun
227,ABDULAHI,Carpenter
228,DWAYNE,Liang
229,NILTON,Sharp
230,MICAELA,Stephens
231,SARA,Willis
232,ALIAH,Hawkins
233,AUDRA,MacLean
234,SLATER,Thiessen
235,TEVIN,Kwan
236,MARIANN,Song
237,SHIVANSH,Brodeur
238,COLTON,Sun
239,MARRIANNE,Preston
240,WILLIA,Dyck
241,NIKI,Croteau
242,TIMUR,Labelle
243,ANDRIANA,Larouche
244,HASAN,Fehr
245,MONIKA,Hayward
246,CHRISTOPHER,Harder
247,SANFORD,Wilson
248,CALLAHAN,Porter
249,AIME,Irvine
250,BRYDEN,Lindsay
251,OSAMA,Girard
252,TIZIANA,Robson
253,CARLOS,Beaudry
254,DELMA,Davis
255,MARIJANA,Desbiens
256,EDMUND,Rondeau
257,GAEL,Cardinal
258,KAYTLYN,Faucher
259,DARYN,Labelle
260,ANAHITA,Roy
261,LINKOLN,Bowman
262,KRISTIANA,Trottier
263,DONAVAN,Lo
264,BOY,Edwards
265,GINA,Lagace
266,RUHI,Ford
267,MATHEUS,Stevenson
268,FERGUS,Nixon
269,GEERTRUIDA,Lawrence
270,HARMEET,Singh
271,SUSIE,Kim
272,WLADYSLAW,McRae
273,JAPNOOR,Gamache
274,MONIA,Hudon
275,CHARLEIGH,Flynn
276,DUA,Mann
277,CARMELO,Forget
278,BRANDON-LEE,Fong
279,BOHDAN,George
280,LU-ANN,Plante
281,BRAEDON,Chiu
282,SYED,Blake
283,HANSON,Sullivan
284,FRANCINE,Kelly
285,ADÃLE,Meyer
286,JIYA,Leung
287,RUDOLF,Lucas
288,ANNABEL,Rempel
289,KASRA,Patry
290,IZHAAN,Burgess
291,ADALINE,Parsons
292,ATLEY,Lessard
293,PATIENCE,Tetreault
294,LAZAROS,Young
295,EDUARD,Lamarche
296,MYKAYLA,Champagne
297,RAJA,Baxter
298,ALEKS,Abbott
299,MERCEDEZ,Cameron
300,DAVIN,Dion
301,ROGAN,Saunders
302,CARLOS,Lalonde
303,TOIVO,Vezina
304,CARL,Perron
305,ADIL,Ellis
306,MORDECHAI,Burgess
307,HARGUN,Fung
308,NICK,Small
309,LEONE,Lepage
310,ARUSH,Chartrand
311,JOSEPH-JACQUES,Marquis
312,JAMAR,Jiang
313,MOUHAMED,Stevenson
314,BUDDY,Dumais
315,ALONSO,Boulanger
316,PATRICIA-ANNE,Audet
317,KARYS,Carter
318,BRADY,Chin
319,DORIAN,Lam
320,NEIL,Dueck
321,KALEY,Woods
322,WENDI,Loewen
323,MANLEY,Gravel
324,GLENNIS,Tait
325,BALRAJ,Caron
326,AZLAAN,Potvin
327,VANCE,Sheppard
328,KAITO,Dyck
329,TALEN,Burns
330,KATHIE,Greene
331,ARRON,Vincent
332,ALESHIA,Dagenais
333,JOSEPH-JACQUES,Grenier
334,ASHTEN,Myers
335,EMILIJA,Boutin
336,FISHER,Orr
337,NELSON,Lee
338,ROGER,Marquis
339,ILAN,Liang
340,MIKYLA,Durand
341,BRIENNE,Page
342,PETRINA,St-Pierre
343,JAD,Laroche
344,ORYSIA,Andrews
345,KRISTIE,Bartlett
346,ÃLODIE,Hill
347,CARSEN,Carroll
348,JAKE,Morris
349,CARINE,Godin
350,GISELE,Plamondon
351,MARIE-JOSÃE,Douglas
352,THOMAS,Bennett
353,JOURNEY,Hall
354,PIERO,Brooks
355,AMEENA,Beaulieu
356,DAXON,Gallagher
357,NEAL,Chow
358,EDUARDO,Costa
359,MANINDER,Lavoie
360,SIDRAH,Boudreau
361,MUHAMMAD,Lepine
362,ADITRI,Bishop
363,GLEN,Christie
364,EVANGELINA,Desrosiers
365,KELLEN,Drolet
366,NATNAEL,Wilson
367,JOAQUIM,Dickson
368,DENICE,Dick
369,KATARZYNA,Lemay
370,MANHA,Trudeau
371,TAMIM,Dumais
372,LEONA,Lyons
373,KRISTENE,Crawford
374,SHILPA,Dupont
375,WM,Spencer
376,FELISHA,Wu
377,PIETER,Nadeau
378,KALLI,Rempel
379,PETRA,Reimer
380,ERICA,Lambert
381,THEO,Xu
382,SYLVAIN,Preston
383,NAEL,Nichols
384,DOMENICA,Shah
385,KRUZ,Parker
386,KHALED,David
387,ANKIT,Cousineau
388,FARES,Fowler
389,SANAD,Maltais
390,LORIANNE,Blouin
391,ABE,Gauthier
392,CAMILA,McCarthy
393,JACQUELIN,Langevin
394,ANAYAT,Major
395,NATHANIA,Nicholson
396,ASHLYNN,Paradis
397,HENDRICK,Chow
398,RAHUL,Drouin
399,MARYJANE,Cooper
400,AVARY,Croteau
401,INAYAH,Beaudin
402,GEROGE,Malik
403,KAROLINA,McDougall
404,GURJAS,Lemire
405,JOSIE,Hanna
406,IAIN,Chevalier
407,AZLAAN,Watson
408,IMAN,Hart
409,LORI-LEE,Mann
410,CHAYCE,Wheeler
411,NASIR,Burke
412,NEVADA,McKee
413,GARRISON,Patenaude
414,KATHRYN,Read
415,JENSON,Yu
416,BORNA,Ouimet
417,ANVI,Le
418,ASHLIE,Guy
419,OAKLAND,Simard
420,DOMENICO,Laliberte
421,KRISTY,Carpenter
422,BJORN,Ferland
423,JOHNNA,Leblanc
424,BECKHAM,Webb
425,DEION,Roussel
426,EMILIA,Moreau
427,PIRANAVAN,Ferreira
428,JAHAAN,Turgeon
429,AARNA,Blackburn
430,MELVILLE,Warren
431,PAMELA,Campbell
432,AIDA,Joseph
433,CHASTITY,Tessier
434,CAROL-ANN,Baird
435,MALLORY,Marcotte
436,JAMESON,Chin
437,DORA,Morton
438,CECILE,Hayes
439,SHANIQUE,Henderson
440,JAYDON,Thiessen
441,JULI,Beaudoin
442,MIRKO,King
443,COLT,Gillis
444,LARISA,Guillemette
445,LUCIAN,Demers
446,GURJAS,Kemp
447,SHERRI-ANN,Jones
448,ADVIK,Hache
449,GIULIA,Lane
450,JAMEEL,Faucher
451,NIMRIT,Parker
452,HAI,Miles
453,ISHANI,Cole
454,ASIM,Breton
455,GINO,Saunders
456,IOANNA,Brar
457,COULSON,Martens
458,MARLYNE,Lloyd
459,ZAKAI,McKinnon
460,TESLA,Tan
461,ISRAEL,Snow
462,WENDOLYN,McKay
463,AVIR,Jiang
464,BRYDEN,Bilodeau
465,CLAUS,McCann
466,TIAGO,Giguere
467,CRISTINA,Pouliot
468,ATHINA,Corriveau
469,MARSHA,Richard
470,ALAYNA,Glover
471,AVROM,Law
472,ISAAC,Pare
473,CALE,Quinn
474,SHARRON,Moreau
475,EMELIA,Barr
476,WALID,Guerin
477,ROSLYN,Sidhu
478,BOWEN,Lowe
479,GERARDO,McCallum
480,MARC-ANTOINE,Auger
481,BLAKELEY,Hache
482,JEANNEDARC,Kim
483,AUGUSTUS,Briere
484,TREVON,Hynes
485,GUNEET,Ferreira
486,KATERINA,Hu
487,MARIE-PAULE,Doiron
488,LAREEN,Smith
489,MUAD,Saunders
490,CIANA,Chevalier
491,EASON,Plamondon
492,ALEJANDRO,Price
493,KWABENA,Arseneault
494,TAMARA,Jenkins
495,KEREM,McCarthy
496,SHERMAN,Nash
497,JOSÃ,Harding
498,EZIO,Labrecque
499,JANEL,Charette
500,THIVYA,Duguay
501,KALIOPI,Sharp
502,KIETH,Tang
503,ARUNAN,Wallace
504,CARMELINA,Lacasse
505,SOFIA,Gibson
506,HILDRED,Gendron
507,BERKELEY,Plamondon
508,MATEUSZ,Medeiros
509,MARYAN,Fisher
510,RAJIV,Lafontaine
511,MADDEX,Reed
512,YUSRA,Labonte
513,EYAL,Jenkins
514,ALAYAH,Long
515,SHAMAR,Gibson
516,RAJA,Woods
517,EVIN,McMillan
518,LEWIS,Chisholm
519,ANDREY,Rivard
520,DOMINGOS,Flynn
521,BRYON,Lafond
522,TAISA,Brassard
523,SERENE,Frenette
524,KIYAN,Lord
525,MOOSA,Erickson
526,ALLANA,Seguin
527,HOMER,Boudreau
528,MAHDI,Albert
529,MACKAYLA,Menard
530,GRETCHEN,Frechette
531,JAIDAN,Gauthier
532,MALENA,Thorne
533,EMMETT,Forest
534,ARMANDO,Lord
535,DARIUS,Patel
536,BELAL,Legault
537,RAINA,Lajoie
538,TRACY-ANN,Laberge
539,SHANICE,Bird
540,GEMMA,Ayotte
541,HUSNAIN,Dagenais
542,CLEMENCE,Auger
543,MAHNOOR,Duncan
544,EILA,FitzGerald
545,DARNELL,Richard
546,KWABENA,Cochrane
